COUNTRY_(ISO),CODE,YEAR,ML_WKS,ML_BEF,ML_AFT,ML_PAY,PL_WKS,PL_PAY,CC_WKS,CC_PAY,,,
AU ,1 ,1960 ,0,0,0,0.0,0,0.0,0,0.0,,,
AU ,1 ,1961 ,0,0,0,0.0,0,0.0,0,0.0,,,
AU ,1 ,1962 ,0,0,0,0.0,0,0.0,0,0.0,,,
AU ,1 ,1963 ,0,0,0,0.0,0,0.0,0,0.0,,,
AU ,1 ,1964 ,0,0,0,0.0,0,0.0,0,0.0,,,
AU ,1 ,1965 ,0,0,0,0.0,0,0.0,0,0.0,,,
AU ,1 ,1966 ,0,0,0,0.0,0,0.0,0,0.0,,,
AU ,1 ,1967 ,0,0,0,0.0,0,0.0,0,0.0,,,
AU ,1 ,1968 ,0,0,0,0.0,0,0.0,0,0.0,,,
AU ,1 ,1969 ,0,0,0,0.0,0,0.0,0,0.0,,,
AU ,1 ,1970 ,0,0,0,0.0,0,0.0,0,0.0,,,
AU ,1 ,1971 ,0,0,0,0.0,0,0.0,0,0.0,,,
AU ,1 ,1972 ,0,0,0,0.0,0,0.0,0,0.0,,,
AU ,1 ,1973 ,0,0,0,0.0,0,0.0,0,0.0,,,
AU ,1 ,1974 ,0,0,0,0.0,0,0.0,0,0.0,,,
AU ,1 ,1975 ,0,0,0,0.0,0,0.0,0,0.0,,,,
AU ,1 ,1976 ,0,0,0,0.0,0,0.0,0,0.0,,,,
AU ,1 ,1977 ,0,0,0,0.0,0,0.0,0,0.0,,,,
AU ,1 ,1978 ,0,0,0,0.0,0,0.0,0,0.0,,,,
AU ,1 ,1979 ,0,0,0,0.0,0,0.0,0,0.0,,,,
AU ,1 ,1980 ,0,0,0,0.0,0,0.0,0,0.0,,,,
AU ,1 ,1981 ,0,0,0,0.0,0,0.0,0,0.0,,,,
AU ,1 ,1982 ,0,0,0,0.0,0,0.0,0,0.0,,,,
AU ,1 ,1983 ,0,0,0,0.0,0,0.0,0,0.0,,,,
AU ,1 ,1984 ,0,0,0,0.0,0,0.0,0,0.0,,,,
AU ,1 ,1985 ,0,0,0,0.0,0,0.0,0,0.0,,,,
AU ,1 ,1986 ,0,0,0,0.0,0,0.0,0,0.0,,,,
AU ,1 ,1987 ,0,0,0,0.0,0,0.0,0,0.0,,,,
AU ,1 ,1988 ,0,0,0,0.0,0,0.0,0,0.0,,,,
AU ,1 ,1989 ,0,0,0,0.0,0,0.0,0,0.0,,,,
AU ,1 ,1990 ,0,0,0,0.0,0,0.0,0,0.0,,,,
AU ,1 ,1991 ,0,0,0,0.0,0,0.0,0,0.0,,,,,
AU ,1 ,1992 ,0,0,0,0.0,0,0.0,0,0.0,,,,,
AU ,1 ,1993 ,0,0,0,0.0,0,0.0,0,0.0,,,,,
AU ,1 ,1994 ,0,0,0,0.0,0,0.0,0,0.0,,,,,
AU ,1 ,1995 ,0,0,0,0.0,0,0.0,0,0.0,,,,,
AU ,1 ,1996 ,0,0,0,0.0,0,0.0,0,0.0,,,,,
AU ,1 ,1997 ,0,0,0,0.0,52,0.0,0,0.0,,,,,
AU ,1 ,1998 ,0,0,0,0.0,52,0.0,0,0.0,,,,,
AU ,1 ,1999 ,0,0,0,0.0,52,0.0,0,0.0,,,,,
AU ,1 ,2000 ,0,0,0,0.0,52,0.0,0,0.0,,,,,
AU ,1 ,2001 ,0,0,0,0.0,52,0.0,0,0.0,,,,,
AU ,1 ,2002 ,0,0,0,0.0,52,0.0,0,0.0,,,,,
AU ,1 ,2003 ,0,0,0,0.0,52,0.0,0,0.0,,,,,
AU ,1 ,2004 ,0,0,0,0.0,52,0.0,0,0.0,,,,,
AU ,1 ,2005 ,0,0,0,0.0,52,0.0,0,0.0,,,,,
AU ,1 ,2006 ,0,0,0,0.0,52,0.0,0,0.0,,,,,
AU ,1 ,2007 ,0,0,0,0.0,52,0.0,0,0.0,,,,,
AU ,1 ,2008 ,0,0,0,0.0,52,0.0,0,0.0,,,,,
AU ,1 ,2009 ,0,0,0,0.0,52,0.0,0,0.0,,,,,
AU ,1 ,2010 ,0,0,0,0.0,52,0.0,0,0.0,,,,,
,,,,,,,,,,,,,,,
AT,2 ,1960 ,12,6,6,100.0,52,100.0,0,0.0,,,,,
AT,2 ,1961 ,12,6,6,100.0,52,100.0,0,0.0,,,,,
AT,2 ,1962 ,12,6,6,100.0,52,100.0,0,0.0,,,,,
AT,2 ,1963 ,12,6,6,100.0,52,100.0,0,0.0,,,,,
AT,2 ,1964 ,12,6,6,100.0,52,100.0,0,0.0,,,,,
AT,2 ,1965 ,12,6,6,100.0,52,100.0,0,0.0,,,,,
AT,2 ,1966 ,12,6,6,100.0,52,100.0,0,0.0,,,,,
AT,2 ,1967 ,12,6,6,100.0,52,100.0,0,0.0,,,,,
AT,2 ,1968 ,12,6,6,100.0,52,100.0,0,0.0,,,,,
AT,2 ,1969 ,12,6,6,100.0,52,100.0,0,0.0,,,,,
AT,2 ,1970 ,12,6,6,100.0,52,100.0,0,0.0,,,,,
AT,2 ,1971 ,12,6,6,100.0,52,100.0,0,0.0,,,,
AT,2 ,1972 ,12,6,6,100.0,52,100.0,0,0.0,,,,
AT,2 ,1973 ,12,6,6,100.0,52,100.0,0,0.0,,,,
AT,2 ,1974 ,16,8,8,100.0,52,37.6,0,0.0,,,,
AT,2 ,1975 ,16,8,8,100.0,52,37.6,0,0.0,,,,
AT,2 ,1976 ,16,8,8,100.0,52,37.6,0,0.0,,,,
AT,2 ,1977 ,16,8,8,100.0,52,37.6,0,0.0,,,,
AT,2 ,1978 ,16,8,8,100.0,52,37.6,0,0.0,,,,
AT,2 ,1979 ,16,8,8,100.0,52,37.6,0,0.0,,,,
AT,2 ,1980 ,16,8,8,100.0,52,37.6,0,0.0,,,,
AT,2 ,1981 ,16,8,8,100.0,52,37.6,0,0.0,,,,
AT,2 ,1982 ,16,8,8,100.0,52,37.6,0,0.0,,,,
AT,2 ,1983 ,16,8,8,100.0,52,37.6,0,0.0,,,,
AT,2 ,1984 ,16,8,8,100.0,52,37.6,0,0.0,,,,
AT,2 ,1985 ,16,8,8,100.0,52,37.6,0,0.0,,,,
AT,2 ,1986 ,16,8,8,100.0,52,37.6,0,0.0,,,,
AT,2 ,1987 ,16,8,8,100.0,52,37.6,0,0.0,,,,
AT,2 ,1988 ,16,8,8,100.0,52,37.6,0,0.0,,,,
AT,2 ,1989 ,16,8,8,100.0,52,37.6,0,0.0,,,,
AT,2 ,1990 ,16,8,8,100.0,104,37.6,0,0.0,,,,
AT,2 ,1991 ,16,8,8,100.0,104,37.6,0,0.0,,,,
AT,2 ,1992 ,16,8,8,100.0,104,37.6,0,0.0,,,,
AT,2 ,1993 ,16,8,8,100.0,104,37.6,0,0.0,,,,
AT,2 ,1994 ,16,8,8,100.0,104,35.0,0,0.0,,,,
AT,2 ,1995 ,16,8,8,100.0,104,35.0,0,0.0,,,,
AT,2 ,1996 ,16,8,8,100.0,104,27.1,0,0.0,,,,
AT,2 ,1997 ,16,8,8,100.0,104,27.1,0,0.0,,,,
AT,2 ,1998 ,16,8,8,100.0,104,27.1,0,0.0,,,,
AT,2 ,1999 ,16,8,8,100.0,104,27.1,0,0.0,,,,
AT,2 ,2000 ,16,8,8,100.0,104,27.1,0,0.0,,,,
AT,2 ,2001 ,16,8,8,100.0,104,27.1,0,0.0,,,,
AT,2 ,2002 ,16,8,8,100.0,104,20.2,0,0.0,,,,
AT,2 ,2003 ,16,8,8,100.0,104,19.9,0,0.0,,,,,
AT,2 ,2004 ,16,8,8,100.0,104,19.6,0,0.0,,,,,
AT,2 ,2005 ,16,8,8,100.0,104,19.4,0,0.0,,,,,
AT,2 ,2006 ,16,8,8,100.0,104,19.1,0,0.0,,,,,
AT,2 ,2007 ,16,8,8,100.0,104,18.8,0,0.0,,,,,
AT,2 ,2008 ,16,8,8,100.0,104,18.5,0,0.0,,,,,
AT,2 ,2009 ,16,8,8,100.0,104,18.2,0,0.0,,,,,
AT,2 ,2010 ,16,8,8,100.0,104,17.9,0,0.0,,,,,
,,,,,,,,,,,,,,,
BE ,3 ,1960 ,12,6,6,60.0,0,0.0,0,0.0,,,,,
BE ,3 ,1961 ,12,6,6,60.0,0,0.0,0,0.0,,,,,
BE ,3 ,1962 ,12,6,6,60.0,0,0.0,0,0.0,,,,,
BE ,3 ,1963 ,12,6,6,60.0,0,0.0,0,0.0,,,,,
BE ,3 ,1964 ,12,6,6,60.0,0,0.0,0,0.0,,,,,
BE ,3 ,1965 ,12,6,6,60.0,0,0.0,0,0.0,,,,,
BE ,3 ,1966 ,12,6,6,60.0,0,0.0,0,0.0,,,,,
BE ,3 ,1967 ,12,6,6,60.0,0,0.0,0,0.0,,,
BE ,3 ,1968 ,12,6,6,60.0,0,0.0,0,0.0,,,
BE ,3 ,1969 ,12,6,6,60.0,0,0.0,0,0.0,,,
BE ,3 ,1970 ,14,6,8,60.0,0,0.0,0,0.0,,,
BE ,3 ,1971 ,14,6,8,60.0,0,0.0,0,0.0,,,
BE ,3 ,1972 ,14,6,8,60.0,0,0.0,0,0.0,,,
BE ,3 ,1973 ,14,6,8,60.0,0,0.0,0,0.0,,,
BE ,3 ,1974 ,14,6,8,60.0,0,0.0,0,0.0,,,
BE ,3 ,1975 ,14,6,8,79.5,0,0.0,0,0.0,,,
BE ,3 ,1976 ,14,6,8,79.5,0,0.0,0,0.0,,,
BE ,3 ,1977 ,14,6,8,79.5,0,0.0,0,0.0,,,
BE ,3 ,1978 ,14,6,8,79.5,0,0.0,0,0.0,,,
BE ,3 ,1979 ,14,6,8,79.5,0,0.0,0,0.0,,,
BE ,3 ,1980 ,14,6,8,79.5,0,0.0,0,0.0,,,
BE ,3 ,1981 ,14,6,8,79.5,0,0.0,0,0.0,,,
BE ,3 ,1982 ,14,6,8,79.5,0,0.0,0,0.0,,,
BE ,3 ,1983 ,14,6,8,79.5,0,0.0,0,0.0,,,,,
BE ,3 ,1984 ,14,6,8,79.5,0,0.0,0,0.0,,,,,
BE ,3 ,1985 ,14,6,8,79.5,0,0.0,52,22.6,,,,,
BE ,3 ,1986 ,14,6,8,79.5,0,0.0,52,22.6,,,,,
BE ,3 ,1987 ,14,6,8,76.4,0,0.0,52,22.6,,,,,
BE ,3 ,1988 ,14,6,8,76.4,0,0.0,52,22.6,,,,,
BE ,3 ,1989 ,14,6,8,76.4,0,0.0,52,22.6,,,,,
BE ,3 ,1990 ,15,7,8,76.4,0,0.0,52,22.6,,,,,
BE ,3 ,1991 ,15,7,8,76.4,0,0.0,52,22.6,,,,,
BE ,3 ,1992 ,15,7,8,76.4,0,0.0,52,22.6,,,,,
BE ,3 ,1993 ,15,7,8,77.0,0,0.0,52,22.6,,,,,
BE ,3 ,1994 ,15,7,8,77.0,0,0.0,52,22.6,,,,,
BE ,3 ,1995 ,15,7,8,77.0,0,0.0,52,22.6,,,,,
BE ,3 ,1996 ,15,7,8,77.0,0,0.0,52,22.6,,,,,
BE ,3 ,1997 ,15,7,8,77.0,0,0.0,52,22.6,,,,,
BE ,3 ,1998 ,15,7,8,77.0,26,23.3,52,22.6,,,,,
BE ,3 ,1999 ,15,7,8,77.0,26,23.5,52,22.6,,,,,
BE ,3 ,2000 ,15,7,8,76.9,26,23.7,52,22.6,,,,,
BE ,3 ,2001 ,15,7,8,76.9,26,24.0,52,22.6,,,,,
BE ,3 ,2002 ,15,7,8,76.9,26,24.2,52,22.6,,,,,
BE ,3 ,2003 ,15,7,8,76.9,26,24.4,52,22.6,,,,,
BE ,3 ,2004 ,15,7,8,76.9,26,24.6,52,22.6,,,,,
BE ,3 ,2005 ,15,6,9,76.9,26,23.9,52,22.6,,,,,
BE ,3 ,2006 ,15,6,9,76.9,26,27.8,52,22.6,,,,,
BE ,3 ,2007 ,15,6,9,76.9,26,28.0,52,22.3,,,,,
BE ,3 ,2008 ,15,6,9,76.9,26,29.3,52,22.9,,,,,
BE ,3 ,2009 ,15,6,9,76.9,26,25.7,52,22.4,,,,,
BE ,3 ,2010 ,15,6,9,76.9,26,25.2,52,22.8,,,,,
,,,,,,,,,,,,,,,
CA ,4 ,1960 ,0,0,0,0.0,0,0.0,0,0.0,,,,,
CA ,4 ,1961 ,0,0,0,0.0,0,0.0,0,0.0,,,,,
CA ,4 ,1962 ,0,0,0,0.0,0,0.0,0,0.0,,,,,
CA ,4 ,1963 ,0,0,0,0.0,0,0.0,0,0.0,,,
CA ,4 ,1964 ,0,0,0,0.0,0,0.0,0,0.0,,,
CA ,4 ,1965 ,0,0,0,0.0,0,0.0,0,0.0,,,
CA ,4 ,1966 ,0,0,0,0.0,0,0.0,0,0.0,,,
CA ,4 ,1967 ,0,0,0,0.0,0,0.0,0,0.0,,,
CA ,4 ,1968 ,0,0,0,0.0,0,0.0,0,0.0,,,
CA ,4 ,1969 ,0,0,0,0.0,0,0.0,0,0.0,,,
CA ,4 ,1970 ,0,0,0,0.0,0,0.0,0,0.0,,,
CA ,4 ,1971 ,15,ns,ns,66.7,0,0.0,0,0.0,,,
CA ,4 ,1972 ,15,ns,ns,66.7,0,0.0,0,0.0,,,
CA ,4 ,1973 ,15,ns,ns,66.7,0,0.0,0,0.0,,,
CA ,4 ,1974 ,15,ns,ns,66.7,0,0.0,0,0.0,,,
CA ,4 ,1975 ,15,ns,ns,66.7,0,0.0,0,0.0,,,
CA ,4 ,1976 ,15,ns,ns,66.7,0,0.0,0,0.0,,,
CA ,4 ,1977 ,15,ns,ns,66.7,0,0.0,0,0.0,,,
CA ,4 ,1978 ,15,ns,ns,66.7,0,0.0,0,0.0,,,
CA ,4 ,1979 ,15,ns,ns,60.0,0,0.0,0,0.0,,,
CA ,4 ,1980 ,15,ns,ns,60.0,0,0.0,0,0.0,,,
CA ,4 ,1981 ,15,ns,ns,60.0,0,0.0,0,0.0,,,
CA ,4 ,1982 ,15,ns,ns,60.0,0,0.0,0,0.0,,,
CA ,4 ,1983 ,15,ns,ns,60.0,0,0.0,0,0.0,,,
CA ,4 ,1984 ,15,ns,ns,60.0,0,0.0,0,0.0,,,
CA ,4 ,1985 ,15,ns,ns,60.0,0,0.0,0,0.0,,,
CA ,4 ,1986 ,15,ns,ns,60.0,0,0.0,0,0.0,,,
CA ,4 ,1987 ,15,ns,ns,60.0,0,0.0,0,0.0,,,
CA ,4 ,1988 ,15,ns,ns,60.0,0,0.0,0,0.0,,,
CA ,4 ,1989 ,15,ns,ns,60.0,0,0.0,0,0.0,,,
CA ,4 ,1990 ,15,ns,ns,60.0,10,60.0,0,0.0,,,
CA ,4 ,1991 ,15,ns,ns,60.0,10,60.0,0,0.0,,,
CA ,4 ,1992 ,15,ns,ns,60.0,10,60.0,0,0.0,,,
CA ,4 ,1993 ,15,ns,ns,59.0,10,59.0,0,0.0,,,
CA ,4 ,1994 ,15,ns,ns,59.0,10,59.0,0,0.0,,,
CA ,4 ,1995 ,15,ns,ns,55.0,10,55.0,0,0.0,,,,,
CA ,4 ,1996 ,15,ns,ns,55.0,10,55.0,0,0.0,,,,,
CA ,4 ,1997 ,15,ns,ns,55.0,10,55.0,0,0.0,,,,,
CA ,4 ,1998 ,15,ns,ns,55.0,10,55.0,0,0.0,,,,,
CA ,4 ,1999 ,15,ns,ns,55.0,10,55.0,0,0.0,,,,,
CA ,4 ,2000 ,15,ns,ns,55.0,10,55.0,0,0.0,,,,,
CA ,4 ,2001 ,15,ns,ns,55.0,35,55.0,0,0.0,,,,,
CA ,4 ,2002 ,15,ns,ns,55.0,35,55.0,0,0.0,,,,,
CA ,4 ,2003 ,15,ns,ns,55.0,35,55.0,0,0.0,,,,,
CA ,4 ,2004 ,15,ns,ns,55.0,35,55.0,0,0.0,,,,,
CA ,4 ,2005 ,15,ns,ns,55.0,35,55.0,0,0.0,,,,,
CA ,4 ,2006 ,15,ns,ns,55.0,35,55.0,0,0.0,,,,,
CA ,4 ,2007 ,15,ns,ns,55.0,35,55.0,0,0.0,,,,,
CA ,4 ,2008 ,15,ns,ns,55.0,35,55.0,0,0.0,,,,,
CA ,4 ,2009 ,15,ns,ns,55.0,35,55.0,0,0.0,,,,,
CA ,4 ,2010 ,15,ns,ns,55.0,35,55.0,0,0.0,,,,,
,,,,,,,,,,,,,,,
DK ,5 ,1960 ,14,8,6,19.0,0,0.0,0,0.0,,,,,
DK ,5 ,1961 ,14,8,6,19.0,0,0.0,0,0.0,,,,,
DK ,5 ,1962 ,14,8,6,19.0,0,0.0,0,0.0,,,,,
DK ,5 ,1963 ,14,8,6,19.0,0,0.0,0,0.0,,,,,
DK ,5 ,1964 ,14,8,6,32.0,0,0.0,0,0.0,,,,,
DK ,5 ,1965 ,14,8,6,32.0,0,0.0,0,0.0,,,,,
DK ,5 ,1966 ,14,8,6,32.0,0,0.0,0,0.0,,,,,
DK ,5 ,1967 ,14,8,6,37.0,0,0.0,0,0.0,,,,,
DK ,5 ,1968 ,14,8,6,37.0,0,0.0,0,0.0,,,,,
DK ,5 ,1969 ,14,8,6,57.0,0,0.0,0,0.0,,,,,
DK ,5 ,1970 ,14,8,6,88.0,0,0.0,0,0.0,,,,,
DK ,5 ,1971 ,14,8,6,87.0,0,0.0,0,0.0,,,,,
DK ,5 ,1972 ,14,8,6,78.0,0,0.0,0,0.0,,,,,
DK ,5 ,1973 ,14,8,6,90.0,0,0.0,0,0.0,,,,,
DK ,5 ,1974 ,14,8,6,90.0,0,0.0,0,0.0,,,,,
DK ,5 ,1975 ,14,8,6,90.0,0,0.0,0,0.0,,,
DK ,5 ,1976 ,14,8,6,90.0,0,0.0,0,0.0,,,
DK ,5 ,1977 ,14,8,6,90.0,0,0.0,0,0.0,,,
DK ,5 ,1978 ,14,8,6,90.0,0,0.0,0,0.0,,,
DK ,5 ,1979 ,14,8,6,90.0,0,0.0,0,0.0,,,
DK ,5 ,1980 ,18,4,14,90.0,0,0.0,0,0.0,,,
DK ,5 ,1981 ,18,4,14,90.0,0,0.0,0,0.0,,,
DK ,5 ,1982 ,18,4,14,90.0,0,0.0,0,0.0,,,
DK ,5 ,1983 ,18,4,14,90.0,0,0.0,0,0.0,,,
DK ,5 ,1984 ,18,4,14,90.0,0,0.0,0,0.0,,,
DK ,5 ,1985 ,18,4,14,90.0,10,90.0,0,0.0,,,
DK ,5 ,1986 ,18,4,14,90.0,10,90.0,0,0.0,,,
DK ,5 ,1987 ,18,4,14,90.0,10,90.0,0,0.0,,,
DK ,5 ,1988 ,18,4,14,90.0,10,90.0,0,0.0,,,
DK ,5 ,1989 ,18,4,14,90.0,10,90.0,0,0.0,,,
DK ,5 ,1990 ,18,4,14,90.0,10,90.0,0,0.0,,,
DK ,5 ,1991 ,18,4,14,69.4,10,69.4,0,0.0,,,,,
DK ,5 ,1992 ,18,4,14,68.3,10,68.3,26,72.0,,,,,
DK ,5 ,1993 ,18,4,14,61.1,10,61.1,26,72.0,,,,,
DK ,5 ,1994 ,18,4,14,54.4,10,54.4,26,72.0,,,,,
DK ,5 ,1995 ,18,4,14,49.0,10,49.0,26,72.0,,,,,
DK ,5 ,1996 ,18,4,14,47.1,10,47.1,26,72.0,,,,,
DK ,5 ,1997 ,18,4,14,46.3,10,46.3,26,54.0,,,,,
DK ,5 ,1998 ,18,4,14,45.1,10,45.1,26,54.0,,,,,
DK ,5 ,1999 ,18,4,14,44.7,12,44.7,26,54.0,,,,,
DK ,5 ,2000 ,18,4,14,44.4,12,44.4,26,54.0,,,,,
DK ,5 ,2001 ,18,4,14,42.7,12,42.7,26,54.0,,,,,
DK ,5 ,2002 ,18,4,14,42.0,32,42.0,0,0.0,,,,,
DK ,5 ,2003 ,18,4,14,41.6,32,41.6,0,0.0,,,,,
DK ,5 ,2004 ,18,4,14,42.3,32,42.3,0,0.0,,,,,
DK ,5 ,2005 ,18,4,14,41.5,32,41.5,0,0.0,,,,,
DK ,5 ,2006 ,18,4,14,40.6,32,40.6,0,0.0,,,,,
DK ,5 ,2007 ,18,4,14,39.7,32,39.7,0,0.0,,,,,
DK ,5 ,2008 ,18,4,14,39.1,32,39.1,0,0.0,,,,,
DK ,5 ,2009 ,18,4,14,39.1,32,39.1,0,0.0,,,,,
DK ,5 ,2010 ,18,4,14,39.1,32,39.1,0,0.0,,,,,
,,,,,,,,,,,,,,,
FI ,7 ,1960 ,0,0,0,0.0,0,0.0,0,0.0,,,,,
FI ,7 ,1961 ,0,0,0,0.0,0,0.0,0,0.0,,,,,
FI ,7 ,1962 ,0,0,0,0.0,0,0.0,0,0.0,,,,,
FI ,7 ,1963 ,0,0,0,0.0,0,0.0,0,0.0,,,,,
FI ,7 ,1964 ,9,3,6,39.0,0,0.0,0,0.0,,,,,
FI ,7 ,1965 ,9,3,6,39.0,0,0.0,0,0.0,,,,,
FI ,7 ,1966 ,9,3,6,39.0,0,0.0,0,0.0,,,,,
FI ,7 ,1967 ,9,3,6,39.0,0,0.0,0,0.0,,,,,
FI ,7 ,1968 ,9,3,6,39.0,0,0.0,0,0.0,,,,,
FI ,7 ,1969 ,9,3,6,39.0,0,0.0,0,0.0,,,,,
FI ,7 ,1970 ,9,3,6,39.0,0,0.0,0,0.0,,,,,
FI ,7 ,1971 ,12,4,8,39.0,0,0.0,0,0.0,,,,,
FI ,7 ,1972 ,12,4,8,39.0,0,0.0,0,0.0,,,,,
FI ,7 ,1973 ,12,4,8,39.0,0,0.0,0,0.0,,,,,
FI ,7 ,1974 ,12,4,8,39.0,0,0.0,0,0.0,,,,,
FI ,7 ,1975 ,29,4,25,39.0,0,0.0,0,0.0,,,,,
FI ,7 ,1976 ,29,4,25,39.0,0,0.0,0,0.0,,,,,
FI ,7 ,1977 ,29,4,25,39.0,0,0.0,0,0.0,,,,,
FI ,7 ,1978 ,35,4,31,39.0,0,0.0,0,0.0,,,,,
FI ,7 ,1979 ,35,4,31,39.0,0,0.0,0,0.0,,,,,
FI ,7 ,1980 ,39,4,35,39.0,0,0.0,0,0.0,,,,,
FI ,7 ,1981 ,43,4,39,39.0,0,0.0,0,0.0,,,,,
FI ,7 ,1982 ,43,4,39,39.0,0,0.0,0,0.0,,,,,
FI ,7 ,1983 ,43,4,39,80.0,0,0.0,0,0.0,,,,,
FI ,7 ,1984 ,43,4,39,80.0,0,0.0,0,0.0,,,,,
FI ,7 ,1985 ,16.7,4.2,12.5,80.0,31.6,80,156,22.0,,,,,
FI ,7 ,1986 ,16.7,4.2,12.5,80.0,31.6,80,156,22.0,,,,,
FI ,7 ,1987 ,17.5,4.2,13.3,80.0,31.6,80,156,22.0,,,,
FI ,7 ,1988 ,17.5,4.2,13.3,80.0,31.6,80,156,22.0,,,,
FI ,7 ,1989 ,17.5,4.2,13.3,80.0,31.6,80,156,22.3,,,,
FI ,7 ,1990 ,17.5,4.2,13.3,80.0,31.6,80,156,22.5,,,,
FI ,7 ,1991 ,25.8,8.3,17.5,80.0,31.6,80,156,22.8,,,,
FI ,7 ,1992 ,25.8,8.3,17.5,80.0,31.6,80,156,23.0,,,,
FI ,7 ,1993 ,25.8,8.3,17.5,80.0,31.6,80,156,23.3,,,,
FI ,7 ,1994 ,25.8,8.3,17.5,80.0,31.6,80,156,23.5,,,,
FI ,7 ,1995 ,25.8,8.3,17.5,83.0,31.6,83,156,23.8,,,,
FI ,7 ,1996 ,25.8,8.3,17.5,83.0,31.6,83,156,24.0,,,,
FI ,7 ,1997 ,25.8,8.3,17.5,70.0,31.6,70,156,18.0,,,,
FI ,7 ,1998 ,25.8,8.3,17.5,70.0,31.6,70,156,18.0,,,,
FI ,7 ,1999 ,25.8,8.3,17.5,70.0,31.6,70,156,17.0,,,,
FI ,7 ,2000 ,25.8,8.3,17.5,70.0,31.6,70,156,16.2,,,,
FI ,7 ,2001 ,25.8,8.3,17.5,70.0,31.6,70,156,15.5,,,,
FI ,7 ,2002 ,25.8,8.3,17.5,70.0,31.6,70,156,14.7,,,,
FI ,7 ,2003 ,25.8,8.3,17.5,70.0,31.6,70,156,14.3,,,,,
FI ,7 ,2004 ,25.8,8.3,17.5,70.0,31.6,70,156,13.8,,,,,
FI ,7 ,2005 ,25.8,8.3,17.5,70.0,31.6,70,156,13.1,,,,,
FI ,7 ,2006 ,25.8,8.3,17.5,70.0,31.6,70,156,12.3,,,,,
FI ,7 ,2007 ,25.8,8.3,17.5,70.0,31.6,70,156,13.4,,,,,
FI ,7 ,2008 ,25.8,8.3,17.5,70.0,31.6,70,156,12.9,,,,,
FI ,7 ,2009 ,25.8,8.3,17.5,70.0,31.6,70,156,13.3,,,,,
FI ,7 ,2010 ,25.8,8.3,17.5,70.0,31.6,70,156,12.8,,,,,
,,,,,,,,,,,,,,,
FR ,8 ,1960 ,14,6,8,50.0,0,0.0,0,0.0,,,,,
FR ,8 ,1961 ,14,6,8,50.0,0,0.0,0,0.0,,,,,
FR ,8 ,1962 ,14,6,8,50.0,0,0.0,0,0.0,,,,,
FR ,8 ,1963 ,14,6,8,50.0,0,0.0,0,0.0,,,,,
FR ,8 ,1964 ,14,6,8,50.0,0,0.0,0,0.0,,,,,
FR ,8 ,1965 ,14,6,8,50.0,0,0.0,0,0.0,,,,,
FR ,8 ,1966 ,14,6,8,50.0,0,0.0,0,0.0,,,,,
FR ,8 ,1967 ,14,6,8,50.0,0,0.0,0,0.0,,,
FR ,8 ,1968 ,14,6,8,50.0,0,0.0,0,0.0,,,
FR ,8 ,1969 ,14,6,8,50.0,0,0.0,0,0.0,,,
FR ,8 ,1970 ,14,6,8,50.0,0,0.0,0,0.0,,,
FR ,8 ,1971 ,14,6,8,90.0,0,0.0,0,0.0,,,
FR ,8 ,1972 ,14,6,8,90.0,0,0.0,0,0.0,,,
FR ,8 ,1973 ,14,6,8,90.0,0,0.0,0,0.0,,,
FR ,8 ,1974 ,14,6,8,90.0,0,0.0,0,0.0,,,
FR ,8 ,1975 ,14,6,8,90.0,0,0.0,0,0.0,,,
FR ,8 ,1976 ,14,6,8,90.0,0,0.0,0,0.0,,,
FR ,8 ,1977 ,14,6,8,90.0,104,0.0,0,0.0,,,
FR ,8 ,1978 ,14,6,8,90.0,104,0.0,0,0.0,,,
FR ,8 ,1979 ,16,6,10,90.0,104,0.0,0,0.0,,,
FR ,8 ,1980 ,16,6,10,90.0,104,0.0,0,0.0,,,
FR ,8 ,1981 ,16,6,10,90.0,104,0.0,0,0.0,,,
FR ,8 ,1982 ,16,6,10,90.0,104,0.0,0,0.0,,,
FR ,8 ,1983 ,16,6,10,90.0,104,0.0,0,0.0,,,,,
FR ,8 ,1984 ,16,6,10,90.0,104,0.0,0,0.0,,,,,
FR ,8 ,1985 ,16,6,10,90.0,104,41.0,0,0.0,,,,,
FR ,8 ,1986 ,16,6,10,90.0,104,41.0,0,0.0,,,,,
FR ,8 ,1987 ,16,6,10,90.0,156,41.0,0,0.0,,,,,
FR ,8 ,1988 ,16,6,10,90.0,156,41.0,0,0.0,,,,,
FR ,8 ,1989 ,16,6,10,90.0,156,40.9,0,0.0,,,,,
FR ,8 ,1990 ,16,6,10,90.0,156,40.7,0,0.0,,,,,
FR ,8 ,1991 ,16,6,10,84.0,156,40.6,0,0.0,,,,,
FR ,8 ,1992 ,16,6,10,84.0,156,40.4,0,0.0,,,,,
FR ,8 ,1993 ,16,6,10,84.0,156,40.3,0,0.0,,,,,
FR ,8 ,1994 ,16,6,10,84.0,156,40.1,0,0.0,,,,,
FR ,8 ,1995 ,16,6,10,84.0,156,40.0,0,0.0,,,,,
FR ,8 ,1996 ,16,6,10,84.0,156,39.2,0,0.0,,,,,
FR ,8 ,1997 ,16,6,10,100.0,156,39.1,0,0.0,,,,,
FR ,8 ,1998 ,16,6,10,100.0,156,39.1,0,0.0,,,,,
FR ,8 ,1999 ,16,6,10,100.0,156,39.0,0,0.0,,,,,
FR ,8 ,2000 ,16,6,10,100.0,156,32.3,0,0.0,,,,,
FR ,8 ,2001 ,16,6,10,100.0,156,30.9,0,0.0,,,,,
FR ,8 ,2002 ,16,6,10,100.0,156,29.2,0,0.0,,,,,
FR ,8 ,2003 ,16,6,10,100.0,156,28.4,0,0.0,,,,,
FR ,8 ,2004 ,16,6,10,100.0,156,29.7,0,0.0,,,,,
FR ,8 ,2005 ,16,6,10,100.0,156,30.2,0,0.0,,,,,
FR ,8 ,2006 ,16,6,10,100.0,156,27.2,0,0.0,,,,,
FR ,8 ,2007 ,16,6,10,100.0,156,27.2,0,0.0,,,,,
FR ,8 ,2008 ,16,6,10,100.0,156,26.6,0,0.0,,,,,
FR ,8 ,2009 ,16,6,10,100.0,156,26.6,0,0.0,,,,,
FR ,8 ,2010 ,16,6,10,100.0,156,25.8,0,0.0,,,,,
,,,,,,,,,,,,,,,
DE,6 ,1960 ,12,6,6,100.0,0,0.0,0,0.0,,,,,
DE,6 ,1961 ,12,6,6,100.0,0,0.0,0,0.0,,,,,
DE,6 ,1962 ,12,6,6,100.0,0,0.0,0,0.0,,,,,
DE,6 ,1963 ,12,6,6,100.0,0,0.0,0,0.0,,,
DE,6 ,1964 ,12,6,6,100.0,0,0.0,0,0.0,,,
DE,6 ,1965 ,12,6,6,100.0,0,0.0,0,0.0,,,
DE,6 ,1966 ,12,6,6,100.0,0,0.0,0,0.0,,,
DE,6 ,1967 ,12,6,6,100.0,0,0.0,0,0.0,,,
DE,6 ,1968 ,12,6,6,100.0,0,0.0,0,0.0,,,
DE,6 ,1969 ,12,6,6,100.0,0,0.0,0,0.0,,,
DE,6 ,1970 ,14,6,8,100.0,0,0.0,0,0.0,,,
DE,6 ,1971 ,14,6,8,100.0,0,0.0,0,0.0,,,
DE,6 ,1972 ,14,6,8,100.0,0,0.0,0,0.0,,,
DE,6 ,1973 ,14,6,8,100.0,0,0.0,0,0.0,,,
DE,6 ,1974 ,14,6,8,100.0,0,0.0,0,0.0,,,
DE,6 ,1975 ,14,6,8,100.0,0,0.0,0,0.0,,,
DE,6 ,1976 ,14,6,8,100.0,0,0.0,0,0.0,,,
DE,6 ,1977 ,14,6,8,100.0,0,0.0,0,0.0,,,
DE,6 ,1978 ,14,6,8,100.0,0,0.0,0,0.0,,,
DE,6 ,1979 ,14,6,8,100.0,0,0.0,0,0.0,,,
DE,6 ,1980 ,14,6,8,100.0,0,0.0,0,0.0,,,
DE,6 ,1981 ,14,6,8,100.0,0,0.0,0,0.0,,,
DE,6 ,1982 ,14,6,8,100.0,0,0.0,0,0.0,,,
DE,6 ,1983 ,14,6,8,100.0,0,0.0,0,0.0,,,
DE,6 ,1984 ,14,6,8,100.0,0,0.0,0,0.0,,,
DE,6 ,1985 ,14,6,8,100.0,0,0.0,0,0.0,,,
DE,6 ,1986 ,14,6,8,100.0,43,25.0,0,0.0,,,
DE,6 ,1987 ,14,6,8,100.0,43,25.0,0,0.0,,,
DE,6 ,1988 ,14,6,8,100.0,52,25.0,0,0.0,,,
DE,6 ,1989 ,14,6,8,100.0,65,24.0,0,0.0,,,
DE,6 ,1990 ,14,6,8,100.0,78,23.0,0,0.0,,,
DE,6 ,1991 ,14,6,8,100.0,78,22.0,0,0.0,,,
DE,6 ,1992 ,14,6,8,100.0,156,21.0,0,0.0,,,
DE,6 ,1993 ,14,6,8,100.0,156,20.0,0,0.0,,,
DE,6 ,1994 ,14,6,8,100.0,156,20.0,0,0.0,,,
DE,6 ,1995 ,14,6,8,100.0,156,19.0,0,0.0,,,,,
DE,6 ,1996 ,14,6,8,100.0,156,12.0,0,0.0,,,,,
DE,6 ,1997 ,14,6,8,100.0,156,11.8,0,0.0,,,,,
DE,6 ,1998 ,14,6,8,100.0,156,11.5,0,0.0,,,,,
DE,6 ,1999 ,14,6,8,100.0,156,11.3,0,0.0,,,,,
DE,6 ,2000 ,14,6,8,100.0,156,11.1,0,0.0,,,,,
DE,6 ,2001 ,14,6,8,100.0,156,10.8,0,0.0,,,,,
DE,6 ,2002 ,14,6,8,100.0,156,10.6,0,0.0,,,,,
DE,6 ,2003 ,14,6,8,100.0,156,10.3,0,0.0,,,,,
DE,6 ,2004 ,14,6,8,100.0,156,10.1,0,0.0,,,,,
DE,6 ,2005 ,14,6,8,100.0,156,10.0,0,0.0,,,,,
DE,6 ,2006 ,14,6,8,100.0,156,9.9,0,0.0,,,,,
DE,6 ,2007 ,14,6,8,100.0,156,22.3,0,0.0,,,,,
DE,6 ,2008 ,14,6,8,100.0,156,22.3,0,0.0,,,,,
DE,6 ,2010 ,14,6,8,100.0,156,22.3,0,0.0,,,,,
,,,,,,,,,,,,,,,
GR ,9 ,1960 ,12,6,6,50.0,0,0.0,0,0.0,,,
GR ,9 ,1961 ,12,6,6,50.0,0,0.0,0,0.0,,,
GR ,9 ,1962 ,12,6,6,50.0,0,0.0,0,0.0,,,
GR ,9 ,1963 ,12,6,6,50.0,0,0.0,0,0.0,,,
GR ,9 ,1964 ,12,6,6,50.0,0,0.0,0,0.0,,,
GR ,9 ,1965 ,12,6,6,50.0,0,0.0,0,0.0,,,
GR ,9 ,1966 ,12,6,6,50.0,0,0.0,0,0.0,,,
GR ,9 ,1967 ,12,6,6,50.0,0,0.0,0,0.0,,,
GR ,9 ,1968 ,12,6,6,50.0,0,0.0,0,0.0,,,
GR ,9 ,1969 ,12,6,6,50.0,0,0.0,0,0.0,,,
GR ,9 ,1970 ,12,6,6,50.0,0,0.0,0,0.0,,,
GR ,9 ,1971 ,12,6,6,50.0,0,0.0,0,0.0,,,
GR ,9 ,1972 ,12,6,6,50.0,0,0.0,0,0.0,,,
GR ,9 ,1973 ,12,6,6,50.0,0,0.0,0,0.0,,,
GR ,9 ,1974 ,12,6,6,50.0,0,0.0,0,0.0,,,
GR ,9 ,1975 ,12,6,6,50.0,0,0.0,0,0.0,,,
GR ,9 ,1976 ,12,6,6,50.0,0,0.0,0,0.0,,,
GR ,9 ,1977 ,12,6,6,50.0,0,0.0,0,0.0,,,
GR ,9 ,1978 ,12,6,6,50.0,0,0.0,0,0.0,,,
GR ,9 ,1979 ,12,6,6,50.0,0,0.0,0,0.0,,,
GR ,9 ,1980 ,12,6,6,50.0,0,0.0,0,0.0,,,
GR ,9 ,1981 ,12,6,6,50.0,0,0.0,0,0.0,,,
GR ,9 ,1982 ,12,6,6,50.0,0,0.0,0,0.0,,,
GR ,9 ,1983 ,12,6,6,50.0,0,0.0,0,0.0,,,
GR ,9 ,1984 ,12,6,6,50.0,26,0.0,0,0.0,,,
GR ,9 ,1985 ,12,6,6,50.0,26,0.0,0,0.0,,,
GR ,9 ,1986 ,12,6,6,50.0,26,0.0,0,0.0,,,
GR ,9 ,1987 ,12,6,6,50.0,26,0.0,0,0.0,,,
GR ,9 ,1988 ,12,6,6,50.0,26,0.0,0,0.0,,,
GR ,9 ,1989 ,12,6,6,50.0,26,0.0,0,0.0,,,
GR ,9 ,1990 ,12,6,6,50.0,26,0.0,0,0.0,,,
GR ,9 ,1991 ,15,7.4,7.6,50.0,26,0.0,0,0.0,,,
GR ,9 ,1992 ,15,7.4,7.6,50.0,26,0.0,0,0.0,,
GR ,9 ,1993 ,15,7.4,7.6,50.0,26,0.0,0,0.0,,
GR ,9 ,1994 ,15,7.4,7.6,50.0,26,0.0,0,0.0,,
GR ,9 ,1995 ,16,8,8,50.0,26,0.0,0,0.0,,
GR ,9 ,1996 ,16,8,8,50.0,26,0.0,0,0.0,,
GR ,9 ,1997 ,16,8,8,50.0,26,0.0,0,0.0,,
GR ,9 ,1998 ,16,8,8,50.0,26,0.0,0,0.0,,
GR ,9 ,1999 ,16,8,8,50.0,26,0.0,0,0.0,,
GR ,9 ,2000 ,16,8,8,50.0,26,0.0,0,0.0,,
GR ,9 ,2001 ,16,8,8,50.0,26,0.0,0,0.0,,
GR ,9 ,2002 ,17,8,9,50.0,26,0.0,0,0.0,,
GR ,9 ,2003 ,17,8,9,50.0,26,0.0,0,0.0,,
GR ,9 ,2004 ,17,8,9,50.0,26,0.0,0,0.0,,
GR ,9 ,2005 ,17,8,9,50.0,26,0.0,0,0.0,,
GR ,9 ,2006 ,17,8,9,50.0,26,0.0,0,0.0,,
GR ,9 ,2007 ,17,8,9,50.0,26,0.0,0,0.0,,
GR ,9 ,2008 ,17,8,9,50.0,26,0.0,0,0.0,,,
GR ,9 ,2009 ,17,8,9,50.0,26,0.0,0,0.0,,,
GR ,9 ,2010 ,17,8,9,50.0,26,0.0,0,0.0,,,
,,,,,,,,,,,,,
IE,10 ,1960 ,12,6,6,34.5,0,0.0,0,0.0,,,
IE,10 ,1961 ,12,6,6,34.5,0,0.0,0,0.0,,,
IE,10 ,1962 ,12,6,6,34.5,0,0.0,0,0.0,,,
IE,10 ,1963 ,12,6,6,34.5,0,0.0,0,0.0,,,
IE,10 ,1964 ,12,6,6,34.0,0,0.0,0,0.0,,,
IE,10 ,1965 ,12,6,6,34.0,0,0.0,0,0.0,,,
IE,10 ,1966 ,12,6,6,34.0,0,0.0,0,0.0,,,
IE,10 ,1967 ,12,6,6,34.3,0,0.0,0,0.0,,,
IE,10 ,1968 ,12,6,6,34.3,0,0.0,0,0.0,,,
IE,10 ,1969 ,12,6,6,38.8,0,0.0,0,0.0,,,
IE,10 ,1970 ,12,6,6,38.8,0,0.0,0,0.0,,,
IE,10 ,1971 ,12,6,6,20.0,0,0.0,0,0.0,,,
IE,10 ,1972 ,12,6,6,25.0,0,0.0,0,0.0,,,
IE,10 ,1973 ,12,6,6,30.0,0,0.0,0,0.0,,,
IE,10 ,1974 ,12,6,6,30.0,0,0.0,0,0.0,,,
IE,10 ,1975 ,12,6,6,26.0,0,0.0,0,0.0,,,
IE,10 ,1976 ,12,6,6,30.0,0,0.0,0,0.0,,,
IE,10 ,1977 ,12,6,6,31.0,0,0.0,0,0.0,,,
IE,10 ,1978 ,12,6,6,30.0,0,0.0,0,0.0,,,
IE,10 ,1979 ,12,6,6,28.0,0,0.0,0,0.0,,,
IE,10 ,1980 ,12,6,6,24.0,0,0.0,0,0.0,,,
IE,10 ,1981 ,14,7,7,80.0,0,0.0,0,0.0,,,
IE,10 ,1982 ,14,7,7,80.0,0,0.0,0,0.0,,,
IE,10 ,1983 ,14,7,7,80.0,0,0.0,0,0.0,,,
IE,10 ,1984 ,14,7,7,70.0,0,0.0,0,0.0,,,
IE,10 ,1985 ,14,7,7,70.0,0,0.0,0,0.0,,,
IE,10 ,1986 ,14,7,7,70.0,0,0.0,0,0.0,,,
IE,10 ,1987 ,14,7,7,70.0,0,0.0,0,0.0,,,
IE,10 ,1988 ,14,7,7,70.0,0,0.0,0,0.0,,,,
IE,10 ,1989 ,14,7,7,70.0,0,0.0,0,0.0,,,,
IE,10 ,1990 ,14,7,7,70.0,0,0.0,0,0.0,,,,
IE,10 ,1991 ,14,7,7,70.0,0,0.0,0,0.0,,,,
IE,10 ,1992 ,14,7,7,70.0,0,0.0,0,0.0,,,,
IE,10 ,1993 ,14,7,7,70.0,0,0.0,0,0.0,,,,
IE,10 ,1994 ,14,7,7,70.0,0,0.0,0,0.0,,,,
IE,10 ,1995 ,14,7,7,70.0,0,0.0,0,0.0,,,,
IE,10 ,1996 ,14,7,7,70.0,0,0.0,0,0.0,,,,
IE,10 ,1997 ,14,7,7,70.0,0,0.0,0,0.0,,,,
IE,10 ,1998 ,14,4,10,70.0,28,0.0,0,0.0,,,,
IE,10 ,1999 ,14,4,10,70.0,28,0.0,0,0.0,,,,
IE,10 ,2000 ,14,4,10,70.0,28,0.0,0,0.0,,,,
IE,10 ,2001 ,14,4,10,70.0,28,0.0,0,0.0,,,,
IE,10 ,2002 ,18,4,14,70.0,28,0.0,0,0.0,,,,
IE,10 ,2003 ,18,4,14,70.0,28,0.0,0,0.0,,,,
IE,10 ,2004 ,18,4,14,70.0,28,0.0,0,0.0,,,,,
IE,10 ,2005 ,18,4,14,75.0,28,0.0,0,0.0,,,,,
IE,10 ,2006 ,18,4,14,80.0,28,0.0,0,0.0,,,,,
IE,10 ,2007 ,18,4,14,80.0,28,0.0,0,0.0,,,,,
IE,10 ,2008 ,26,2,24,80.0,28,0.0,0,0.0,,,,,
IE,10 ,2009 ,26,2,24,80.0,28,0.0,0,0.0,,,,,
IE,10 ,2010 ,26,2,24,80.0,28,0.0,0,0.0,,,,,
,,,,,,,,,,,,,,,
IT ,11 ,1960 ,21,13,8,80.0,0,0.0,0,0.0,,,,,
IT ,11 ,1961 ,21,13,8,80.0,0,0.0,0,0.0,,,,,
IT ,11 ,1962 ,21,13,8,80.0,0,0.0,0,0.0,,,,,
IT ,11 ,1963 ,21,13,8,80.0,0,0.0,0,0.0,,,,,
IT ,11 ,1964 ,21,13,8,80.0,0,0.0,0,0.0,,,,,
IT ,11 ,1965 ,21,13,8,80.0,0,0.0,0,0.0,,,,,
IT ,11 ,1966 ,21,13,8,80.0,0,0.0,0,0.0,,,,,
IT ,11 ,1967 ,21,13,8,80.0,0,0.0,0,0.0,,,,,
IT ,11 ,1968 ,21,13,8,80.0,0,0.0,0,0.0,,,
IT ,11 ,1969 ,21,13,8,80.0,0,0.0,0,0.0,,,
IT ,11 ,1970 ,17,9,8,80.0,0,0.0,0,0.0,,,
IT ,11 ,1971 ,17,9,8,80.0,0,0.0,0,0.0,,,
IT ,11 ,1972 ,17,9,8,80.0,0,0.0,0,0.0,,,
IT ,11 ,1973 ,23.7,10.7,13,80.0,26,30.0,0,0.0,,,
IT ,11 ,1974 ,23.7,10.7,13,80.0,26,30.0,0,0.0,,,
IT ,11 ,1975 ,23.7,10.7,13,80.0,26,30.0,0,0.0,,,
IT ,11 ,1976 ,23.7,10.7,13,80.0,26,30.0,0,0.0,,,
IT ,11 ,1977 ,23.7,10.7,13,80.0,26,30.0,0,0.0,,,
IT ,11 ,1978 ,23.7,10.7,13,80.0,26,30.0,0,0.0,,,
IT ,11 ,1979 ,23.7,10.7,13,80.0,26,30.0,0,0.0,,,
IT ,11 ,1980 ,23.7,10.7,13,80.0,26,30.0,0,0.0,,,
IT ,11 ,1981 ,23.7,10.7,13,80.0,26,30.0,0,0.0,,,
IT ,11 ,1982 ,23.7,10.7,13,80.0,26,30.0,0,0.0,,,
IT ,11 ,1983 ,23.7,10.7,13,80.0,26,30.0,0,0.0,,,
IT ,11 ,1984 ,23.7,10.7,13,80.0,26,30.0,0,0.0,,
IT ,11 ,1985 ,21.5,8.6,12.9,80.0,26,30.0,0,0.0,,
IT ,11 ,1986 ,21.5,8.6,12.9,80.0,26,30.0,0,0.0,,
IT ,11 ,1987 ,21.5,8.6,12.9,80.0,26,30.0,0,0.0,,
IT ,11 ,1988 ,21.5,8.6,12.9,80.0,26,30.0,0,0.0,,
IT ,11 ,1989 ,21.5,8.6,12.9,80.0,26,30.0,0,0.0,,
IT ,11 ,1990 ,21.5,8.6,12.9,80.0,26,30.0,0,0.0,,
IT ,11 ,1991 ,21.5,8.6,12.9,80.0,26,30.0,0,0.0,,
IT ,11 ,1992 ,21.5,8.6,12.9,80.0,26,30.0,0,0.0,,
IT ,11 ,1993 ,21.5,8.6,12.9,80.0,26,30.0,0,0.0,,
IT ,11 ,1994 ,21.5,8.6,12.9,80.0,26,30.0,0,0.0,,
IT ,11 ,1995 ,21.5,8.6,12.9,80.0,26,30.0,0,0.0,,
IT ,11 ,1996 ,21.5,8.6,12.9,80.0,26,30.0,0,0.0,,
IT ,11 ,1997 ,21.5,8.6,12.9,80.0,26,30.0,0,0.0,,
IT ,11 ,1998 ,21.5,8.6,12.9,80.0,26,30.0,0,0.0,,
IT ,11 ,1999 ,21.5,8.6,12.9,80.0,43,30.0,0,0.0,,
IT ,11 ,2000 ,21.7,8.7,13.0,80.0,44,30.0,0,0.0,,,,,
IT ,11 ,2001 ,21.7,4.3,17.3,80.0,44,30.0,0,0.0,,,,,
IT ,11 ,2002 ,21.7,4.3,17.3,80.0,44,30.0,0,0.0,,,,,
IT ,11 ,2003 ,21.7,4.3,17.3,80.0,44,30.0,0,0.0,,,,,
IT ,11 ,2004 ,21.7,4.3,17.3,80.0,44,30.0,0,0.0,,,,,
IT ,11 ,2005 ,21.7,4.3,17.3,80.0,44,30.0,0,0.0,,,,,
IT ,11 ,2006 ,21.7,4.3,17.3,80.0,44,30.0,0,0.0,,,,,
IT ,11 ,2007 ,21.7,4.3,17.3,80.0,44,30.0,0,0.0,,,,,
IT ,11 ,2008 ,21.7,4.3,17.3,80.0,44,30.0,0,0.0,,,,,
IT ,11 ,2009 ,21.7,4.3,17.3,81.0,44,30.0,0,0.0,,,,,
IT ,11 ,2010 ,21.7,4.3,17.3,82.0,44,30.0,0,0.0,,,,,
,,,,,,,,,,,,,,,
JP,12 ,1960 ,12,6,6,60.0,0,0.0,0,0.0,,,,,
JP,12 ,1961 ,12,6,6,60.0,0,0.0,0,0.0,,,,,
JP,12 ,1962 ,12,6,6,60.0,0,0.0,0,0.0,,,,,
JP,12 ,1963 ,12,6,6,60.0,0,0.0,0,0.0,,,,,
JP,12 ,1964 ,12,6,6,60.0,0,0.0,0,0.0,,,
JP,12 ,1965 ,12,6,6,60.0,0,0.0,0,0.0,,,
JP,12 ,1966 ,12,6,6,60.0,0,0.0,0,0.0,,,
JP,12 ,1967 ,12,6,6,60.0,0,0.0,0,0.0,,,
JP,12 ,1968 ,12,6,6,60.0,0,0.0,0,0.0,,,
JP,12 ,1969 ,12,6,6,60.0,0,0.0,0,0.0,,,
JP,12 ,1970 ,12,6,6,60.0,0,0.0,0,0.0,,,
JP,12 ,1971 ,12,6,6,60.0,0,0.0,0,0.0,,,
JP,12 ,1972 ,12,6,6,60.0,0,0.0,0,0.0,,,
JP,12 ,1973 ,12,6,6,60.0,0,0.0,0,0.0,,,
JP,12 ,1974 ,12,6,6,60.0,0,0.0,0,0.0,,,
JP,12 ,1975 ,12,6,6,60.0,0,0.0,0,0.0,,,
JP,12 ,1976 ,12,6,6,60.0,0,0.0,0,0.0,,,
JP,12 ,1977 ,12,6,6,60.0,0,0.0,0,0.0,,,
JP,12 ,1978 ,12,6,6,60.0,0,0.0,0,0.0,,,
JP,12 ,1979 ,12,6,6,60.0,0,0.0,0,0.0,,,
JP,12 ,1980 ,12,6,6,60.0,0,0.0,0,0.0,,,
JP,12 ,1981 ,12,6,6,60.0,0,0.0,0,0.0,,,
JP,12 ,1982 ,12,6,6,60.0,0,0.0,0,0.0,,,
JP,12 ,1983 ,12,6,6,60.0,0,0.0,0,0.0,,,
JP,12 ,1984 ,12,6,6,60.0,0,0.0,0,0.0,,,
JP,12 ,1985 ,12,6,6,60.0,0,0.0,0,0.0,,,
JP,12 ,1986 ,12,6,6,60.0,0,0.0,0,0.0,,,
JP,12 ,1987 ,12,6,6,60.0,0,0.0,0,0.0,,,
JP,12 ,1988 ,12,6,6,60.0,0,0.0,0,0.0,,,
JP,12 ,1989 ,14,6,8,60.0,0,0.0,0,0.0,,,
JP,12 ,1990 ,14,6,8,60.0,0,0.0,0,0.0,,,
JP,12 ,1991 ,14,6,8,60.0,0,0.0,0,0.0,,,
JP,12 ,1992 ,14,6,8,60.0,52,0.0,0,0.0,,,
JP,12 ,1993 ,14,6,8,60.0,52,0.0,0,0.0,,,
JP,12 ,1994 ,14,6,8,60.0,52,0.0,0,0.0,,,
JP,12 ,1995 ,14,6,8,60.0,52,25.0,0,0.0,,,
JP,12 ,1996 ,14,6,8,60.0,52,25.0,0,0.0,,,,
JP,12 ,1997 ,14,6,8,60.0,52,25.0,0,0.0,,,,
JP,12 ,1998 ,14,6,8,60.0,52,25.0,0,0.0,,,,
JP,12 ,1999 ,14,6,8,60.0,52,25.0,0,0.0,,,,
JP,12 ,2000 ,14,ns,ns,60.0,52,25.0,0,0.0,,,,
JP,12 ,2001 ,14,ns,ns,60.0,52,40.0,0,0.0,,,,
JP,12 ,2002 ,14,ns,ns,60.0,52,40.0,0,0.0,,,,
JP,12 ,2003 ,14,ns,ns,60.0,52,40.0,0,0.0,,,,
JP,12 ,2004 ,14,ns,ns,60.0,52,40.0,0,0.0,,,,
JP,12 ,2005 ,14,ns,ns,60.0,52,40.0,0,0.0,,,,
JP,12 ,2006 ,14,ns,ns,60.0,52,40.0,0,0.0,,,,
JP,12 ,2007 ,14,ns,ns,60.0,52,40.0,0,0.0,,,,
JP,12 ,2008 ,14,ns,ns,60.0,52,40.0,0,0.0,,,,
JP,12 ,2009 ,14,ns,ns,60.0,52,40.0,0,0.0,,,,
JP,12 ,2010 ,14,ns,ns,60.0,52,40.0,0,0.0,,,,
,,,,,,,,,,,,,,
LU ,13 ,1960 ,12,6,6,75.0,0,0.0,0,0.0,,,
LU ,13 ,1961 ,12,6,6,75.0,0,0.0,0,0.0,,,
LU ,13 ,1962 ,12,6,6,75.0,0,0.0,0,0.0,,,
LU ,13 ,1963 ,12,6,6,75.0,0,0.0,0,0.0,,,
LU ,13 ,1964 ,12,6,6,70.0,0,0.0,0,0.0,,,
LU ,13 ,1965 ,12,6,6,70.0,0,0.0,0,0.0,,,
LU ,13 ,1966 ,12,6,6,70.0,0,0.0,0,0.0,,,
LU ,13 ,1967 ,12,6,6,70.0,0,0.0,0,0.0,,,
LU ,13 ,1968 ,12,6,6,70.0,0,0.0,0,0.0,,,
LU ,13 ,1969 ,12,6,6,70.0,0,0.0,0,0.0,,,
LU ,13 ,1970 ,12,6,6,75.0,0,0.0,0,0.0,,,
LU ,13 ,1971 ,12,6,6,75.0,0,0.0,0,0.0,,,
LU ,13 ,1972 ,12,6,6,75.0,0,0.0,0,0.0,,,
LU ,13 ,1973 ,12,6,6,75.0,0,0.0,0,0.0,,,
LU ,13 ,1974 ,12,6,6,100.0,0,0.0,0,0.0,,,
LU ,13 ,1975 ,12,6,6,100.0,0,0.0,0,0.0,,,
LU ,13 ,1976 ,12,6,6,100.0,0,0.0,0,0.0,,,
LU ,13 ,1977 ,16,8,8,100.0,0,0.0,0,0.0,,,
LU ,13 ,1978 ,16,8,8,100.0,0,0.0,0,0.0,,,
LU ,13 ,1979 ,16,8,8,100.0,0,0.0,0,0.0,,,
LU ,13 ,1980 ,16,8,8,100.0,0,0.0,0,0.0,,,
LU ,13 ,1981 ,16,8,8,100.0,0,0.0,0,0.0,,,
LU ,13 ,1982 ,16,8,8,100.0,0,0.0,0,0.0,,,
LU ,13 ,1983 ,16,8,8,100.0,0,0.0,0,0.0,,,
LU ,13 ,1984 ,16,8,8,100.0,0,0.0,0,0.0,,,
LU ,13 ,1985 ,16,8,8,100.0,0,0.0,0,0.0,,,
LU ,13 ,1986 ,16,8,8,100.0,0,0.0,0,0.0,,,
LU ,13 ,1987 ,16,8,8,100.0,0,0.0,0,0.0,,,
LU ,13 ,1988 ,16,8,8,100.0,0,0.0,104,25.0,,,
LU ,13 ,1989 ,16,8,8,100.0,0,0.0,104,25.0,,,
LU ,13 ,1990 ,16,8,8,100.0,0,0.0,104,25.0,,,
LU ,13 ,1991 ,16,8,8,100.0,0,0.0,104,25.0,,,
LU ,13 ,1992 ,16,8,8,100.0,0,0.0,104,25.0,,,
LU ,13 ,1993 ,16,8,8,100.0,0,0.0,104,25.0,,,
LU ,13 ,1994 ,16,8,8,100.0,0,0.0,104,25.0,,,
LU ,13 ,1995 ,16,8,8,100.0,0,0.0,104,25.0,,,
LU ,13 ,1996 ,16,8,8,100.0,0,0.0,104,25.0,,,
LU ,13 ,1997 ,16,8,8,100.0,0,0.0,104,25.0,,,
LU ,13 ,1998 ,16,8,8,100.0,0,0.0,104,25.0,,,
LU ,13 ,1999 ,16,8,8,100.0,52,105.7,104,28.1,,,
LU ,13 ,2000 ,16,8,8,100.0,52,98.4,104,26.8,,,
LU ,13 ,2001 ,16,8,8,100.0,52,99.6,104,27.2,,,
LU ,13 ,2002 ,16,8,8,100.0,52,98.6,104,26.9,,,
LU ,13 ,2003 ,16,8,8,100.0,52,96.9,104,26.4,,,
LU ,13 ,2004 ,16,8,8,100.0,52,96.0,104,26.2,,,
LU ,13 ,2005 ,16,8,8,100.0,52,94.0,104,25.6,,,
LU ,13 ,2006 ,16,8,8,100.0,52,97.4,104,26.6,,,
LU ,13 ,2007 ,16,8,8,100.0,52,96.0,104,26.2,,,
LU ,13 ,2008 ,16,8,8,100.0,52,94.0,104,25.6,,,
LU ,13 ,2009 ,16,8,8,100.0,52,92.1,104,25.1,,,
LU ,13 ,2010 ,16,8,8,100.0,52,90.2,104,24.6,,,
,,,,,,,,,,,,,
NL,14 ,1960 ,12,6,6,100.0,0,0.0,0,0.0,,,
NL,14 ,1961 ,12,6,6,100.0,0,0.0,0,0.0,,,
NL,14 ,1962 ,12,6,6,100.0,0,0.0,0,0.0,,,
NL,14 ,1963 ,12,6,6,100.0,0,0.0,0,0.0,,,
NL,14 ,1964 ,12,6,6,100.0,0,0.0,0,0.0,,,
NL,14 ,1965 ,12,6,6,100.0,0,0.0,0,0.0,,,
NL,14 ,1966 ,12,6,6,100.0,0,0.0,0,0.0,,,
NL,14 ,1967 ,12,6,6,100.0,0,0.0,0,0.0,,,
NL,14 ,1968 ,12,6,6,100.0,0,0.0,0,0.0,,,
NL,14 ,1969 ,12,6,6,100.0,0,0.0,0,0.0,,,
NL,14 ,1970 ,12,6,6,100.0,0,0.0,0,0.0,,,
NL,14 ,1971 ,12,6,6,100.0,0,0.0,0,0.0,,,
NL,14 ,1972 ,12,6,6,100.0,0,0.0,0,0.0,,,
NL,14 ,1973 ,12,6,6,100.0,0,0.0,0,0.0,,,
NL,14 ,1974 ,12,6,6,100.0,0,0.0,0,0.0,,,
NL,14 ,1975 ,12,6,6,100.0,0,0.0,0,0.0,,,
NL,14 ,1976 ,12,6,6,100.0,0,0.0,0,0.0,,,
NL,14 ,1977 ,12,6,6,100.0,0,0.0,0,0.0,,,
NL,14 ,1978 ,12,6,6,100.0,0,0.0,0,0.0,,,
NL,14 ,1979 ,12,6,6,100.0,0,0.0,0,0.0,,,
NL,14 ,1980 ,12,6,6,100.0,0,0.0,0,0.0,,,
NL,14 ,1981 ,12,6,6,100.0,0,0.0,0,0.0,,,
NL,14 ,1982 ,12,6,6,100.0,0,0.0,0,0.0,,,
NL,14 ,1983 ,12,6,6,100.0,0,0.0,0,0.0,,,
NL,14 ,1984 ,12,6,6,100.0,0,0.0,0,0.0,,,
NL,14 ,1985 ,12,6,6,100.0,0,0.0,0,0.0,,,
NL,14 ,1986 ,12,6,6,100.0,0,0.0,0,0.0,,,
NL,14 ,1987 ,12,6,6,100.0,0,0.0,0,0.0,,,
NL,14 ,1988 ,12,6,6,100.0,0,0.0,0,0.0,,,,
NL,14 ,1989 ,12,6,6,100.0,0,0.0,0,0.0,,,,
NL,14 ,1990 ,12,6,6,100.0,52,0.0,0,0.0,,,,
NL,14 ,1991 ,12,6,6,100.0,52,0.0,0,0.0,,,,
NL,14 ,1992 ,12,6,6,100.0,52,0.0,0,0.0,,,,
NL,14 ,1993 ,16,8,8,100.0,52,0.0,0,0.0,,,,
NL,14 ,1994 ,16,8,8,100.0,52,0.0,0,0.0,,,,
NL,14 ,1995 ,16,8,8,100.0,52,0.0,0,0.0,,,,
NL,14 ,1996 ,16,8,8,100.0,52,0.0,0,0.0,,,,
NL,14 ,1997 ,16,8,8,100.0,52,0.0,0,0.0,,,,
NL,14 ,1998 ,16,8,8,100.0,52,0.0,0,0.0,,,,
NL,14 ,1999 ,16,8,8,100.0,52,0.0,0,0.0,,,,
NL,14 ,2000 ,16,6,10,100.0,52,0.0,0,0.0,,,,
NL,14 ,2001 ,16,6,10,100.0,52,0.0,0,0.0,,,,
NL,14 ,2002 ,16,6,10,100.0,52,0.0,0,0.0,,,,
NL,14 ,2003 ,16,6,10,100.0,52,0.0,0,0.0,,,,
NL,14 ,2004 ,16,6,10,100.0,52,0.0,0,0.0,,,,,,,
NL,14 ,2005 ,16,6,10,100.0,52,0.0,0,0.0,,,,,,,
NL,14 ,2006 ,16,6,10,100.0,52,0.0,0,0.0,,,,,,,
NL,14 ,2007 ,16,6,10,100.0,52,0.0,0,0.0,,,,,,,
NL,14 ,2008 ,16,6,10,100.0,52,0.0,0,0.0,,,,,,,
NL,14 ,2009 ,16,6,10,100.0,52,24.7,0,0.0,,,,,,,
NL,14 ,2010 ,16,6,10,100.0,52,24.6,0,0.0,,,,,,,
,,,,,,,,,,,,,,,,,
NZ,15 ,1960 ,0,0,0,0.0,0,0.0,0,0.0,,,,,,,
NZ,15 ,1961 ,0,0,0,0.0,0,0.0,0,0.0,,,,,,,
NZ,15 ,1962 ,0,0,0,0.0,0,0.0,0,0.0,,,,,,,
NZ,15 ,1963 ,0,0,0,0.0,0,0.0,0,0.0,,,,,,,
NZ,15 ,1964 ,0,0,0,0.0,0,0.0,0,0.0,,,,,,,
NZ,15 ,1965 ,0,0,0,0.0,0,0.0,0,0.0,,,,,,,
NZ,15 ,1966 ,0,0,0,0.0,0,0.0,0,0.0,,,,,,,
NZ,15 ,1967 ,0,0,0,0.0,0,0.0,0,0.0,,,,,,,
NZ,15 ,1968 ,0,0,0,0.0,0,0.0,0,0.0,,,
NZ,15 ,1969 ,0,0,0,0.0,0,0.0,0,0.0,,,
NZ,15 ,1970 ,0,0,0,0.0,0,0.0,0,0.0,,,
NZ,15 ,1971 ,0,0,0,0.0,0,0.0,0,0.0,,,
NZ,15 ,1972 ,0,0,0,0.0,0,0.0,0,0.0,,,
NZ,15 ,1973 ,0,0,0,0.0,0,0.0,0,0.0,,,
NZ,15 ,1974 ,0,0,0,0.0,0,0.0,0,0.0,,,
NZ,15 ,1975 ,0,0,0,0.0,0,0.0,0,0.0,,,
NZ,15 ,1976 ,0,0,0,0.0,0,0.0,0,0.0,,,
NZ,15 ,1977 ,0,0,0,0.0,0,0.0,0,0.0,,,
NZ,15 ,1978 ,0,0,0,0.0,0,0.0,0,0.0,,,
NZ,15 ,1979 ,0,0,0,0.0,0,0.0,0,0.0,,,
NZ,15 ,1980 ,0,0,0,0.0,0,0.0,0,0.0,,,
NZ,15 ,1981 ,0,0,0,0.0,0,0.0,0,0.0,,,
NZ,15 ,1982 ,0,0,0,0.0,0,0.0,0,0.0,,,
NZ,15 ,1983 ,0,0,0,0.0,0,0.0,0,0.0,,,
NZ,15 ,1984 ,0,0,0,0.0,0,0.0,0,0.0,,,
NZ,15 ,1985 ,0,0,0,0.0,0,0.0,0,0.0,,,
NZ,15 ,1986 ,0,0,0,0.0,0,0.0,0,0.0,,,
NZ,15 ,1987 ,0,0,0,0.0,0,0.0,0,0.0,,,
NZ,15 ,1988 ,0,0,0,0.0,0,0.0,0,0.0,,,
NZ,15 ,1989 ,0,0,0,0.0,0,0.0,0,0.0,,,
NZ,15 ,1990 ,0,0,0,0.0,0,0.0,0,0.0,,,
NZ,15 ,1991 ,0,0,0,0.0,0,0.0,0,0.0,,,
NZ,15 ,1992 ,0,0,0,0.0,0,0.0,0,0.0,,,
NZ,15 ,1993 ,0,0,0,0.0,0,0.0,0,0.0,,,
NZ,15 ,1994 ,0,0,0,0.0,0,0.0,0,0.0,,,
NZ,15 ,1995 ,0,0,0,0.0,0,0.0,0,0.0,,,
NZ,15 ,1996 ,0,0,0,0.0,0,0.0,0,0.0,,,
NZ,15 ,1997 ,0,0,0,0.0,0,0.0,0,0.0,,,
NZ,15 ,1998 ,0,0,0,0.0,0,0.0,0,0.0,,,
NZ,15 ,1999 ,0,0,0,0.0,0,0.0,0,0.0,,,
NZ,15 ,2000 ,0,0,0,0.0,0,0.0,0,0.0,,,,
NZ,15 ,2001 ,0,0,0,0.0,0,0.0,0,0.0,,,,
NZ,15 ,2002 ,0,0,0,0.0,12,100.0,0,0.0,,,,
NZ,15 ,2003 ,0,0,0,0.0,12,100.0,0,0.0,,,,
NZ,15 ,2004 ,0,0,0,0.0,12,100.0,0,0.0,,,,
NZ,15 ,2005 ,0,0,0,0.0,14,100.0,0,0.0,,,,
NZ,15 ,2006 ,0,0,0,0.0,14,100.0,0,0.0,,,,
NZ,15 ,2007 ,0,0,0,0.0,14,100.0,0,0.0,,,,
NZ,15 ,2008 ,0,0,0,0.0,14,100.0,0,0.0,,,,
NZ,15 ,2009 ,0,0,0,0.0,14,100.0,0,0.0,,,,
NZ,15 ,2010 ,0,0,0,0.0,14,100.0,0,0.0,,,,
,,,,,,,,,,,,,,
NO ,16 ,1960 ,12,6,6,40.0,0,0.0,0,0.0,,,,
NO ,16 ,1961 ,12,6,6,40.0,0,0.0,0,0.0,,,,
NO ,16 ,1962 ,12,6,6,40.0,0,0.0,0,0.0,,,,
NO ,16 ,1963 ,12,6,6,40.0,0,0.0,0,0.0,,,,
NO ,16 ,1964 ,12,6,6,41.0,0,0.0,0,0.0,,,
NO ,16 ,1965 ,12,6,6,41.0,0,0.0,0,0.0,,,
NO ,16 ,1966 ,12,6,6,41.0,0,0.0,0,0.0,,,
NO ,16 ,1967 ,12,6,6,31.0,0,0.0,0,0.0,,,
NO ,16 ,1968 ,12,6,6,31.0,0,0.0,0,0.0,,,
NO ,16 ,1969 ,12,6,6,47.0,0,0.0,0,0.0,,,
NO ,16 ,1970 ,12,6,6,32.0,0,0.0,0,0.0,,,
NO ,16 ,1971 ,12,6,6,32.0,0,0.0,0,0.0,,,
NO ,16 ,1972 ,12,6,6,31.0,0,0.0,0,0.0,,,
NO ,16 ,1973 ,12,6,6,31.0,0,0.0,0,0.0,,,
NO ,16 ,1974 ,12,6,6,30.0,0,0.0,0,0.0,,,
NO ,16 ,1975 ,12,6,6,29.0,0,0.0,0,0.0,,,
NO ,16 ,1976 ,12,6,6,29.0,0,0.0,0,0.0,,,
NO ,16 ,1977 ,0,0,0,0.0,18,100.0,0,0.0,,,
NO ,16 ,1978 ,0,0,0,0.0,18,100.0,52,0.0,,,
NO ,16 ,1979 ,0,0,0,0.0,18,100.0,52,0.0,,,
NO ,16 ,1980 ,0,0,0,0.0,18,100.0,52,0.0,,
NO ,16 ,1981 ,0,0,0,0.0,18,100.0,52,0.0,,
NO ,16 ,1982 ,0,0,0,0.0,18,100.0,52,0.0,,
NO ,16 ,1983 ,0,0,0,0.0,21.6,100.0,52,0.0,,
NO ,16 ,1984 ,0,0,0,0.0,21.6,100.0,52,0.0,,
NO ,16 ,1985 ,0,0,0,0.0,18,100.0,52,0.0,,
NO ,16 ,1986 ,0,0,0,0.0,18,100.0,52,0.0,,
NO ,16 ,1987 ,0,0,0,0.0,18,100.0,52,0.0,,
NO ,16 ,1988 ,0,0,0,0.0,18,100.0,52,0.0,,
NO ,16 ,1989 ,0,0,0,0.0,24,100.0,52,0.0,,
NO ,16 ,1990 ,0,0,0,0.0,24,100.0,52,0.0,,
NO ,16 ,1991 ,0,0,0,0.0,28,100.0,52,0.0,,
NO ,16 ,1992 ,0,0,0,0.0,28,100.0,52,0.0,,
NO ,16 ,1993 ,0,0,0,0.0,42,100.0,52,0.0,,
NO ,16 ,1994 ,0,0,0,0.0,42,100.0,52,0.0,,
NO ,16 ,1995 ,0,0,0,0.0,42,100.0,52,0.0,,
NO ,16 ,1996 ,0,0,0,0.0,42,100.0,52,0.0,,,,,
NO ,16 ,1997 ,0,0,0,0.0,42,100.0,52,0.0,,,,,
NO ,16 ,1998 ,0,0,0,0.0,42,100.0,52,16.0,,,,,
NO ,16 ,1999 ,0,0,0,0.0,42,100.0,104,14.8,,,,,
NO ,16 ,2000 ,0,0,0,0.0,39,100.0,104,13.7,,,,,
NO ,16 ,2001 ,0,0,0,0.0,42,100.0,104,12.8,,,,,
NO ,16 ,2002 ,0,0,0,0.0,42,100.0,104,12.0,,,,,
NO ,16 ,2003 ,0,0,0,0.0,42,100.0,104,11.3,,,,,
NO ,16 ,2004 ,0,0,0,0.0,42,100.0,104,13.2,,,,,
NO ,16 ,2005 ,0,0,0,0.0,42,100.0,104,10.4,,,,,
NO ,16 ,2006 ,0,0,0,0.0,54,100.0,104,10.3,,,,,
NO ,16 ,2007 ,0,0,0,0.0,54,100.0,104,10.2,,,,,
NO ,16 ,2008 ,0,0,0,0.0,54,100.0,104,9.9,,,,,
NO ,16 ,2009 ,0,0,0,0.0,56,100.0,104,9.9,,,,,
NO ,16 ,2010 ,0,0,0,0.0,56,100.0,104,9.8,,,,,
,,,,,,,,,,,,,,,
PT,17 ,1960 ,4.3,ns,ns,33.0,0,0.0,0,0.0,,,
PT,17 ,1961 ,4.3,ns,ns,33.0,0,0.0,0,0.0,,,
PT,17 ,1962 ,4.3,ns,ns,33.0,0,0.0,0,0.0,,,
PT,17 ,1963 ,4.3,ns,ns,33.0,0,0.0,0,0.0,,,
PT,17 ,1964 ,8.5,ns,ns,100.0,0,0.0,0,0.0,,,
PT,17 ,1965 ,8.5,ns,ns,100.0,0,0.0,0,0.0,,,
PT,17 ,1966 ,8.5,ns,ns,100.0,0,0.0,0,0.0,,,
PT,17 ,1967 ,8.5,ns,ns,100.0,0,0.0,0,0.0,,,
PT,17 ,1968 ,8.5,ns,ns,100.0,0,0.0,0,0.0,,,
PT,17 ,1969 ,8.5,ns,ns,100.0,0,0.0,0,0.0,,,
PT,17 ,1970 ,8.5,ns,ns,100.0,0,0.0,0,0.0,,,
PT,17 ,1971 ,8.5,ns,ns,100.0,0,0.0,0,0.0,,,
PT,17 ,1972 ,8.5,ns,ns,100.0,0,0.0,0,0.0,,,
PT,17 ,1973 ,8.5,ns,ns,100.0,0,0.0,0,0.0,,,
PT,17 ,1974 ,8.5,ns,ns,100.0,0,0.0,0,0.0,,,
PT,17 ,1975 ,8.5,ns,ns,100.0,0,0.0,0,0.0,,,
PT,17 ,1976 ,8.5,ns,ns,100.0,0,0.0,0,0.0,,,
PT,17 ,1977 ,12.9,ns,ns,100.0,0,0.0,0,0.0,,,
PT,17 ,1978 ,12.9,4.3,8.5,100.0,0,0.0,0,0.0,,,
PT,17 ,1979 ,12.9,4.3,8.5,100.0,0,0.0,0,0.0,,,
PT,17 ,1980 ,12.9,4.3,8.5,100.0,0,0.0,0,0.0,,,
PT,17 ,1981 ,12.9,4.3,8.5,100.0,0,0.0,0,0.0,,,
PT,17 ,1982 ,12.9,4.3,8.5,100.0,0,0.0,0,0.0,,,
PT,17 ,1983 ,12.9,4.3,8.5,100.0,0,0.0,0,0.0,,,
PT,17 ,1984 ,12.9,4.3,8.5,100.0,26,0.0,0,0.0,,,
PT,17 ,1985 ,12.9,4.3,8.5,100.0,26,0.0,0,0.0,,,
PT,17 ,1986 ,12.9,4.3,8.5,100.0,26,0.0,0,0.0,,,
PT,17 ,1987 ,12.9,4.3,8.5,100.0,26,0.0,0,0.0,,,
PT,17 ,1988 ,12.9,4.3,8.5,100.0,26,0.0,0,0.0,,,
PT,17 ,1989 ,12.9,4.3,8.5,100.0,26,0.0,0,0.0,,,
PT,17 ,1990 ,12.9,4.3,8.5,100.0,26,0.0,0,0.0,,,
PT,17 ,1991 ,12.9,4.3,8.5,100.0,26,0.0,0,0.0,,,
PT,17 ,1992 ,12.9,4.3,8.5,100.0,26,0.0,0,0.0,,
PT,17 ,1993 ,12.9,4.3,8.5,100.0,26,0.0,0,0.0,,
PT,17 ,1994 ,12.9,4.3,8.5,100.0,26,0.0,0,0.0,,
PT,17 ,1995 ,14,4.3,8.5,100.0,26,0.0,0,0.0,,
PT,17 ,1996 ,14,4.3,8.5,100.0,26,0.0,0,0.0,,
PT,17 ,1997 ,14,4.3,8.5,100.0,26,0.0,0,0.0,,
PT,17 ,1998 ,14,5.4,8.6,100.0,26,0.0,0,0.0,,
PT,17 ,1999 ,15.7,2.9,12.9,100.0,26,0.0,0,0.0,,
PT,17 ,2000 ,15.7,2.9,12.9,100.0,26,0.0,0,0.0,,
PT,17 ,2001 ,17.1,4.3,12.9,100.0,26,0.0,0,0.0,,
PT,17 ,2002 ,17.1,4.3,12.9,100.0,26,0.0,0,0.0,,
PT,17 ,2003 ,17.1,4.3,12.9,100.0,26,0.0,0,0.0,,
PT,17 ,2004 ,17.1,4.3,12.9,100.0,26,0.0,0,0.0,,
PT,17 ,2005 ,17.1,4.3,12.9,100.0,26,0.0,0,0.0,,
PT,17 ,2006 ,17.1,4.3,12.9,100.0,26,0.0,0,0.0,,
PT,17 ,2007 ,17.1,4.3,12.9,100.0,26,0.0,0,0.0,,
PT,17 ,2008 ,17.1,4.3,12.9,100.0,26,0.0,0,0.0,,,
PT,17 ,2009 ,17.1,4.3,12.9,100.0,26,25.0,0,0.0,,,
PT,17 ,2010 ,17.1,4.3,12.9,100.0,26,25.0,0,0.0,,,
,,,,,,,,,,,,,
ES,18 ,1960 ,12,6,6,60.0,0,0.0,0,0.0,,,
ES,18 ,1961 ,12,6,6,60.0,0,0.0,0,0.0,,,
ES,18 ,1962 ,12,6,6,60.0,0,0.0,0,0.0,,,
ES,18 ,1963 ,12,6,6,60.0,0,0.0,0,0.0,,,
ES,18 ,1964 ,12,6,6,60.0,0,0.0,0,0.0,,,
ES,18 ,1965 ,12,6,6,60.0,0,0.0,0,0.0,,,
ES,18 ,1966 ,12,6,6,60.0,0,0.0,0,0.0,,,
ES,18 ,1967 ,12,6,6,75.0,0,0.0,0,0.0,,,
ES,18 ,1968 ,12,6,6,75.0,0,0.0,0,0.0,,,
ES,18 ,1969 ,12,6,6,75.0,0,0.0,0,0.0,,,
ES,18 ,1970 ,12,6,6,75.0,0,0.0,0,0.0,,,
ES,18 ,1971 ,12,6,6,75.0,0,0.0,0,0.0,,,
ES,18 ,1972 ,12,6,6,75.0,0,0.0,0,0.0,,,
ES,18 ,1973 ,12,6,6,75.0,0,0.0,0,0.0,,,
ES,18 ,1974 ,12,6,6,75.0,0,0.0,0,0.0,,,
ES,18 ,1975 ,12,6,6,75.0,0,0.0,0,0.0,,,
ES,18 ,1976 ,12,6,6,75.0,0,0.0,0,0.0,,,
ES,18 ,1977 ,14,6,8,75.0,0,0.0,0,0.0,,,
ES,18 ,1978 ,14,6,8,75.0,0,0.0,0,0.0,,,
ES,18 ,1979 ,14,6,8,75.0,0,0.0,0,0.0,,,
ES,18 ,1980 ,14,6,8,75.0,156,0.0,0,0.0,,,
ES,18 ,1981 ,14,6,8,75.0,156,0.0,0,0.0,,,
ES,18 ,1982 ,14,6,8,75.0,156,0.0,0,0.0,,,
ES,18 ,1983 ,14,6,8,75.0,156,0.0,0,0.0,,,
ES,18 ,1984 ,14,6,8,75.0,156,0.0,0,0.0,,,
ES,18 ,1985 ,14,6,8,75.0,156,0.0,0,0.0,,,
ES,18 ,1986 ,14,6,8,75.0,156,0.0,0,0.0,,,
ES,18 ,1987 ,14,6,8,75.0,156,0.0,0,0.0,,,
ES,18 ,1988 ,14,6,8,75.0,156,0.0,0,0.0,,,
ES,18 ,1989 ,14,6,8,75.0,156,0.0,0,0.0,,,
ES,18 ,1990 ,16,8,8,75.0,156,0.0,0,0.0,,,
ES,18 ,1991 ,16,8,8,75.0,156,0.0,0,0.0,,,
ES,18 ,1992 ,16,8,8,75.0,156,0.0,0,0.0,,,
ES,18 ,1993 ,16,8,8,75.0,156,0.0,0,0.0,,,
ES,18 ,1994 ,16,8,8,100.0,156,0.0,0,0.0,,,
ES,18 ,1995 ,16,8,8,100.0,156,0.0,0,0.0,,,
ES,18 ,1996 ,16,8,8,100.0,156,0.0,0,0.0,,,
ES,18 ,1997 ,16,8,8,100.0,156,0.0,0,0.0,,,
ES,18 ,1998 ,16,8,8,100.0,156,0.0,0,0.0,,,
ES,18 ,1999 ,16,8,8,100.0,156,0.0,0,0.0,,,
ES,18 ,2000 ,16,ns,ns,100.0,156,0.0,0,0.0,,,
ES,18 ,2001 ,16,ns,ns,100.0,156,0.0,0,0.0,,,
ES,18 ,2002 ,16,ns,ns,100.0,156,0.0,0,0.0,,,
ES,18 ,2003 ,16,ns,ns,100.0,156,0.0,0,0.0,,,
ES,18 ,2004 ,16,ns,ns,100.0,156,0.0,0,0.0,,
ES,18 ,2005 ,16,ns,ns,100.0,156,0.0,0,0.0,,
ES,18 ,2006 ,16,ns,ns,100.0,156,0.0,0,0.0,,
ES,18 ,2007 ,16,ns,ns,100.0,156,0.0,0,0.0,,
ES,18 ,2008 ,16,ns,ns,100.0,156,0.0,0,0.0,,
ES,18 ,2009 ,16,ns,ns,100.0,156,0.0,0,0.0,,
ES,18 ,2010 ,16,ns,ns,100.0,156,0.0,0,0.0,,
,,,,,,,,,,,,
SE,19 ,1960 ,12.8,ns,ns,45.0,0,0.0,0,0.0,,
SE,19 ,1961 ,12.8,ns,ns,45.0,0,0.0,0,0.0,,
SE,19 ,1962 ,12.8,ns,ns,45.0,0,0.0,0,0.0,,
SE,19 ,1963 ,12.8,ns,ns,45.0,0,0.0,0,0.0,,
SE,19 ,1964 ,25.6,ns,ns,46.0,0,0.0,0,0.0,,
SE,19 ,1965 ,25.6,ns,ns,46.0,0,0.0,0,0.0,,
SE,19 ,1966 ,25.6,ns,ns,46.0,0,0.0,0,0.0,,
SE,19 ,1967 ,25.6,ns,ns,67.0,0,0.0,0,0.0,,
SE,19 ,1968 ,25.6,ns,ns,67.0,0,0.0,0,0.0,,,
SE,19 ,1969 ,25.6,ns,ns,69.0,0,0.0,0,0.0,,,
SE,19 ,1970 ,26,ns,ns,64.0,0,0.0,0,0.0,,,
SE,19 ,1971 ,26,ns,ns,59.0,0,0.0,0,0.0,,,
SE,19 ,1972 ,26,ns,ns,52.0,0,0.0,0,0.0,,,
SE,19 ,1973 ,26,ns,ns,48.0,0,0.0,0,0.0,,,
SE,19 ,1974 ,0,0,0,0.0,30,90.0,0,0.0,,,
SE,19 ,1975 ,0,0,0,0.0,30,90.0,0,0.0,,,
SE,19 ,1976 ,0,0,0,0.0,30,90.0,0,0.0,,,
SE,19 ,1977 ,0,0,0,0.0,30,90.0,0,0.0,,,
SE,19 ,1978 ,0,0,0,0.0,39,90.0,78,0.0,,,
SE,19 ,1979 ,0,0,0,0.0,39,82.0,78,0.0,,,
SE,19 ,1980 ,0,0,0,0.0,39,82.0,78,0.0,,,
SE,19 ,1981 ,0,0,0,0.0,39,82.0,78,0.0,,,
SE,19 ,1982 ,0,0,0,0.0,39,81.0,78,0.0,,,
SE,19 ,1983 ,0,0,0,0.0,39,81.0,78,0.0,,,
SE,19 ,1984 ,0,0,0,0.0,39,81.0,78,0.0,,,
SE,19 ,1985 ,0,0,0,0.0,39,71.0,78,0.0,,,
SE,19 ,1986 ,0,0,0,0.0,51,71.0,78,0.0,,,
SE,19 ,1987 ,0,0,0,0.0,51,71.0,78,0.0,,,
SE,19 ,1988 ,0,0,0,0.0,51,71.0,78,0.0,,,
SE,19 ,1989 ,0,0,0,0.0,64,71.0,78,0.0,,,
SE,19 ,1990 ,0,0,0,0.0,64,70.0,78,0.0,,,
SE,19 ,1991 ,0,0,0,0.0,64,90.0,78,0.0,,,
SE,19 ,1992 ,0,0,0,0.0,64,90.0,78,0.0,,,
SE,19 ,1993 ,0,0,0,0.0,64,90.0,78,0.0,,,
SE,19 ,1994 ,0,0,0,0.0,64,90.0,78,0.0,,,
SE,19 ,1995 ,0,0,0,0.0,64,67.0,78,0.0,,,
SE,19 ,1996 ,0,0,0,0.0,64,67.0,78,0.0,,,
SE,19 ,1997 ,0,0,0,0.0,64,62.0,78,0.0,,,
SE,19 ,1998 ,0,0,0,0.0,64.3,80.0,78,0.0,,,
SE,19 ,1999 ,0,0,0,0.0,64.3,80.0,78,0.0,,,
SE,19 ,2000 ,0,0,0,0.0,64.3,64.0,78,0.0,,,,,
SE,19 ,2001 ,0,0,0,0.0,64.3,64.0,78,0.0,,,,,
SE,19 ,2002 ,0,0,0,0.0,68.6,65.0,78,0.0,,,,,
SE,19 ,2003 ,0,0,0,0.0,68.6,65.0,78,0.0,,,,,
SE,19 ,2004 ,0,0,0,0.0,68.6,65.1,78,0.0,,,,,
SE,19 ,2005 ,0,0,0,0.0,68.6,65.1,78,0.0,,,,,
SE,19 ,2006 ,0,0,0,0.0,68.6,65.1,78,0.0,,,,,
SE,19 ,2007 ,0,0,0,0.0,68.6,65.1,78,0.0,,,,,
SE,19 ,2008 ,0,0,0,0.0,68.6,65.1,78,13.5,,,,,
SE,19 ,2009 ,0,0,0,0.0,68.6,65.1,78,13.1,,,,,
SE,19 ,2010 ,0,0,0,0.0,68.6,65.1,78,12.7,,,,,
,,,,,,,,,,,,,,,
CH,20 ,1960 ,6,ns,ns,0.0,0,0.0,0,0.0,,,,,
CH,20 ,1961 ,6,ns,ns,0.0,0,0.0,0,0.0,,,,,
CH,20 ,1962 ,6,ns,ns,0.0,0,0.0,0,0.0,,,,,
CH,20 ,1963 ,6,ns,ns,0.0,0,0.0,0,0.0,,,,,
CH,20 ,1964 ,6,ns,ns,0.0,0,0.0,0,0.0,,,
CH,20 ,1965 ,6,ns,ns,0.0,0,0.0,0,0.0,,,
CH,20 ,1966 ,6,ns,ns,0.0,0,0.0,0,0.0,,,
CH,20 ,1967 ,10,4,6,0.0,0,0.0,0,0.0,,,
CH,20 ,1968 ,10,4,6,0.0,0,0.0,0,0.0,,,
CH,20 ,1969 ,10,4,6,0.0,0,0.0,0,0.0,,,
CH,20 ,1970 ,10,4,6,0.0,0,0.0,0,0.0,,,
CH,20 ,1971 ,10,4,6,0.0,0,0.0,0,0.0,,,
CH,20 ,1972 ,10,4,6,0.0,0,0.0,0,0.0,,,
CH,20 ,1973 ,10,4,6,0.0,0,0.0,0,0.0,,,
CH,20 ,1974 ,10,4,6,0.0,0,0.0,0,0.0,,,
CH,20 ,1975 ,10,4,6,0.0,0,0.0,0,0.0,,,
CH,20 ,1976 ,10,4,6,0.0,0,0.0,0,0.0,,,
CH,20 ,1977 ,10,4,6,0.0,0,0.0,0,0.0,,,
CH,20 ,1978 ,10,4,6,0.0,0,0.0,0,0.0,,,
CH,20 ,1979 ,10,4,6,0.0,0,0.0,0,0.0,,,
CH,20 ,1980 ,10,4,6,0.0,0,0.0,0,0.0,,,
CH,20 ,1981 ,10,4,6,0.0,0,0.0,0,0.0,,,
CH,20 ,1982 ,10,4,6,0.0,0,0.0,0,0.0,,,
CH,20 ,1983 ,10,4,6,0.0,0,0.0,0,0.0,,,
CH,20 ,1984 ,10,4,6,0.0,0,0.0,0,0.0,,,
CH,20 ,1985 ,10,4,6,0.0,0,0.0,0,0.0,,,
CH,20 ,1986 ,10,4,6,0.0,0,0.0,0,0.0,,,
CH,20 ,1987 ,10,4,6,0.0,0,0.0,0,0.0,,,
CH,20 ,1988 ,10,4,6,0.0,0,0.0,0,0.0,,,
CH,20 ,1989 ,10,4,6,0.0,0,0.0,0,0.0,,,
CH,20 ,1990 ,10,4,6,0.0,0,0.0,0,0.0,,,
CH,20 ,1991 ,10,4,6,0.0,0,0.0,0,0.0,,,
CH,20 ,1992 ,10,4,6,0.0,0,0.0,0,0.0,,,
CH,20 ,1993 ,10,4,6,0.0,0,0.0,0,0.0,,,
CH,20 ,1994 ,10,4,6,0.0,0,0.0,0,0.0,,,
CH,20 ,1995 ,10,4,6,0.0,0,0.0,0,0.0,,,
CH,20 ,1996 ,10,4,6,0.0,0,0.0,0,0.0,,,,
CH,20 ,1997 ,16,8,8,0.0,0,0.0,0,0.0,,,,
CH,20 ,1998 ,16,8,8,0.0,0,0.0,0,0.0,,,,
CH,20 ,1999 ,16,8,8,0.0,0,0.0,0,0.0,,,,
CH,20 ,2000 ,16,8,8,0.0,0,0.0,0,0.0,,,,
CH,20 ,2001 ,16,8,8,0.0,0,0.0,0,0.0,,,,
CH,20 ,2002 ,16,8,8,0.0,0,0.0,0,0.0,,,,
CH,20 ,2003 ,16,8,8,0.0,0,0.0,0,0.0,,,,
CH,20 ,2004 ,16,8,8,0.0,0,0.0,0,0.0,,,,
CH,20 ,2005 ,16,8,8,0.0,0,0.0,0,0.0,,,,
CH,20 ,2006 ,14,0,14,80.0,0,0.0,0,0.0,,,,
CH,20 ,2007 ,14,0,14,80.0,0,0.0,0,0.0,,,,
CH,20 ,2008 ,14,0,14,80.0,0,0.0,0,0.0,,,,
CH,20 ,2009 ,14,0,14,80.0,0,0.0,0,0.0,,,,
CH,20 ,2010 ,14,0,14,80.0,0,0.0,0,0.0,,,,
,,,,,,,,,,,,,,
UK,21 ,1960 ,18,11,7,36.9,0,0.0,0,0.0,,,
UK,21 ,1961 ,18,11,7,36.9,0,0.0,0,0.0,,,
UK,21 ,1962 ,18,11,7,36.9,0,0.0,0,0.0,,,
UK,21 ,1963 ,18,11,7,36.9,0,0.0,0,0.0,,,
UK,21 ,1964 ,18,11,7,37.1,0,0.0,0,0.0,,,
UK,21 ,1965 ,18,11,7,37.1,0,0.0,0,0.0,,,
UK,21 ,1966 ,18,11,7,37.1,0,0.0,0,0.0,,,
UK,21 ,1967 ,18,11,7,85.0,0,0.0,0,0.0,,,
UK,21 ,1968 ,18,11,7,85.0,0,0.0,0,0.0,,,
UK,21 ,1969 ,18,11,7,85.0,0,0.0,0,0.0,,,
UK,21 ,1970 ,18,11,7,36.0,0,0.0,0,0.0,,,
UK,21 ,1971 ,18,11,7,32.0,0,0.0,0,0.0,,,
UK,21 ,1972 ,18,11,7,32.0,0,0.0,0,0.0,,,
UK,21 ,1973 ,18,11,7,32.0,0,0.0,0,0.0,,,
UK,21 ,1974 ,18,11,7,25.0,0,0.0,0,0.0,,,
UK,21 ,1975 ,18,11,7,73.0,0,0.0,0,0.0,,,
UK,21 ,1976 ,18,11,7,61.0,0,0.0,0,0.0,,,
UK,21 ,1977 ,18,11,7,56.0,0,0.0,0,0.0,,,
UK,21 ,1978 ,18,11,7,57.0,0,0.0,0,0.0,,,
UK,21 ,1979 ,18,11,7,55.0,0,0.0,0,0.0,,,
UK,21 ,1980 ,18,11,7,47.0,0,0.0,0,0.0,,,
UK,21 ,1981 ,18,11,7,46.0,0,0.0,0,0.0,,,
UK,21 ,1982 ,18,11,7,40.0,0,0.0,0,0.0,,,
UK,21 ,1983 ,18,11,7,36.0,0,0.0,0,0.0,,,
UK,21 ,1984 ,18,11,7,35.0,0,0.0,0,0.0,,,
UK,21 ,1985 ,18,11,7,34.0,0,0.0,0,0.0,,,
UK,21 ,1986 ,18,11,7,30.0,0,0.0,0,0.0,,,
UK,21 ,1987 ,18,11,7,29.0,0,0.0,0,0.0,,,
UK,21 ,1988 ,18,11,7,27.0,0,0.0,0,0.0,,,
UK,21 ,1989 ,18,11,7,46.0,0,0.0,0,0.0,,,
UK,21 ,1990 ,18,11,7,45.0,0,0.0,0,0.0,,,
UK,21 ,1991 ,18,11,7,45.0,0,0.0,0,0.0,,,
UK,21 ,1992 ,18,11,7,49.0,0,0.0,0,0.0,,,,,
UK,21 ,1993 ,18,11,7,44.0,0,0.0,0,0.0,,,,,
UK,21 ,1994 ,18,11,7,45.0,0,0.0,0,0.0,,,,,
UK,21 ,1995 ,18,11,7,45.0,0,0.0,0,0.0,,,,,
UK,21 ,1996 ,18,11,7,45.0,0,0.0,0,0.0,,,,,
UK,21 ,1997 ,18,11,7,44.0,0,0.0,0,0.0,,,,,
UK,21 ,1998 ,18,ns,ns,31.1,0,0.0,0,0.0,,,,,
UK,21 ,1999 ,18,ns,ns,31.1,26,0.0,0,0.0,,,,,
UK,21 ,2000 ,18,ns,ns,31.1,26,0.0,0,0.0,,,,,
UK,21 ,2001 ,18,ns,ns,31.0,26,0.0,0,0.0,,,,,
UK,21 ,2002 ,18,ns,ns,31.0,26,0.0,0,0.0,,,,,
UK,21 ,2003 ,18,ns,ns,31.1,26,0.0,0,0.0,,,,,
UK,21 ,2004 ,26,ns,ns,21.8,26,0.0,0,0.0,,,,,
UK,21 ,2005 ,26,ns,ns,21.7,26,0.0,0,0.0,,,,,
UK,21 ,2006 ,26,ns,ns,21.8,26,0.0,0,0.0,,,,,
UK,21 ,2007 ,39,ns,ns,14.5,26,0.0,0,0.0,,,,,
UK,21 ,2008 ,39,ns,ns,14.5,26,0.0,0,0.0,,,,,
UK,21 ,2009 ,39,ns,ns,14.5,26,0.0,0,0.0,,,,,
UK,21 ,2010 ,39,ns,ns,14.5,26,0.0,0,0.0,,,,,
,,,,,,,,,,,,,,,
US,22 ,1960 ,0,0,0,0.0,0,0.0,0,0.0,,,,,
US,22 ,1961 ,0,0,0,0.0,0,0.0,0,0.0,,,,,
US,22 ,1962 ,0,0,0,0.0,0,0.0,0,0.0,,,,,
US,22 ,1963 ,0,0,0,0.0,0,0.0,0,0.0,,,,,
US,22 ,1964 ,0,0,0,0.0,0,0.0,0,0.0,,,,,
US,22 ,1965 ,0,0,0,0.0,0,0.0,0,0.0,,,,,
US,22 ,1966 ,0,0,0,0.0,0,0.0,0,0.0,,,,,
US,22 ,1967 ,0,0,0,0.0,0,0.0,0,0.0,,,,,
US,22 ,1968 ,0,0,0,0.0,0,0.0,0,0.0,,,,,
US,22 ,1969 ,0,0,0,0.0,0,0.0,0,0.0,,,,,
US,22 ,1970 ,0,0,0,0.0,0,0.0,0,0.0,,,,,
US,22 ,1971 ,0,0,0,0.0,0,0.0,0,0.0,,,,,
US,22 ,1972 ,0,0,0,0.0,0,0.0,0,0.0,,,
US,22 ,1973 ,0,0,0,0.0,0,0.0,0,0.0,,,
US,22 ,1974 ,0,0,0,0.0,0,0.0,0,0.0,,,
US,22 ,1975 ,0,0,0,0.0,0,0.0,0,0.0,,,
US,22 ,1976 ,0,0,0,0.0,0,0.0,0,0.0,,,
US,22 ,1977 ,0,0,0,0.0,0,0.0,0,0.0,,,
US,22 ,1978 ,0,0,0,0.0,0,0.0,0,0.0,,,
US,22 ,1979 ,0,0,0,0.0,0,0.0,0,0.0,,,
US,22 ,1980 ,0,0,0,0.0,0,0.0,0,0.0,,,
US,22 ,1981 ,0,0,0,0.0,0,0.0,0,0.0,,,
US,22 ,1982 ,0,0,0,0.0,0,0.0,0,0.0,,,
US,22 ,1983 ,0,0,0,0.0,0,0.0,0,0.0,,,
US,22 ,1984 ,0,0,0,0.0,0,0.0,0,0.0,,,
US,22 ,1985 ,0,0,0,0.0,0,0.0,0,0.0,,,
US,22 ,1986 ,0,0,0,0.0,0,0.0,0,0.0,,,
US,22 ,1987 ,0,0,0,0.0,0,0.0,0,0.0,,,
US,22 ,1988 ,0,0,0,0.0,0,0.0,0,0.0,,,
US,22 ,1989 ,0,0,0,0.0,0,0.0,0,0.0,,,
US,22 ,1990 ,0,0,0,0.0,0,0.0,0,0.0,,,
US,22 ,1991 ,0,0,0,0.0,0,0.0,0,0.0,,,
US,22 ,1992 ,0,0,0,0.0,0,0.0,0,0.0,,,
US,22 ,1993 ,0,0,0,0.0,0,0.0,12,0.0,,,
US,22 ,1994 ,0,0,0,0.0,0,0.0,12,0.0,,,
US,22 ,1995 ,0,0,0,0.0,0,0.0,12,0.0,,,
US,22 ,1996 ,0,0,0,0.0,0,0.0,12,0.0,,,
US,22 ,1997 ,0,0,0,0.0,0,0.0,12,0.0,,,
US,22 ,1998 ,0,0,0,0.0,0,0.0,12,0.0,,,
US,22 ,1999 ,0,0,0,0.0,0,0.0,12,0.0,,,
US,22 ,2000 ,0,0,0,0.0,0,0.0,12,0.0,,,
US,22 ,2001 ,0,0,0,0.0,0,0.0,12,0.0,,,
US,22 ,2002 ,0,0,0,0.0,0,0.0,12,0.0,,,
US,22 ,2003 ,0,0,0,0.0,0,0.0,12,0.0,,,
US,22 ,2004 ,0,0,0,0.0,0,0.0,12,0.0,,,
US,22 ,2005 ,0,0,0,0.0,0,0.0,12,0.0,,,
US,22 ,2006 ,0,0,0,0.0,0,0.0,12,0.0,,,
US,22 ,2007 ,0,0,0,0.0,0,0.0,12,0.0,,,
US,22 ,2008 ,0,0,0,0.0,0,0.0,12,0.0,,,
US,22 ,2009 ,0,0,0,0.0,0,0.0,12,0.0,,,
US,22 ,2010 ,0,0,0,0.0,0,0.0,12,0.0,,,
